中南世纪花城,823,120.92128,31.98079,21066,2016年建成,板塔结合,,
华强城,1932,120.8621,32.04108,16806,2013年建成,板楼,,
华润橡树湾,592,120.94954,31.93067,14166,2013年建成,板楼,,
南通万达广场,,120.8324,32.03619,9811,2016/3/30,塔楼,,
城市嘉苑,444,120.8757,31.98544,20042,2014/12/1,板楼,板塔结合,
优山美地名邸,,120.94936,31.91377,12387,2013/5/30,板楼,,
南通碧桂园,1053,120.95216,31.94137,13619,2015年建成,塔楼,,
凤凰莱茵苑,,120.89503,31.98901,21370,2010年建成,板楼,,
世茂公元,1617,120.94843,31.9359,14827,2015年建成,板楼,,
天安花园,123,120.88226,31.9876,21568,2011/12/1,板楼,,
中南・世纪城,,120.90087,31.97011,22786,2012年建成,板楼,板塔结合,
万通城,,120.93761,32.02109,14092,2009年建成,板塔结合,,
龙田花苑,,120.98353,31.90781,9230,2012年建成,板楼,,
郭里园新村,,120.87503,32.02944,14403,1997年建成,板楼,,
帝奥世伦名郡,59,120.920531,31.998831,16424,2012年建成,板楼,,
天一学士府,,120.89696,31.9971,15022,2015年建成,板楼,,
紫东花苑,,120.90476,32.01309,13708,2011年建成,板塔结合,,
中港翡翠城,522,120.95394,31.91261,12952,2016年建成,板楼,,
景瑞望府,1185,120.9458,31.92694,14322,2015年建成,板楼,板塔结合,
南通雅居乐花园,610,120.96491,31.92572,12958,2016年建成,塔楼,,
绿城玉兰公寓,,120.88471,31.97742,31543,2012年建成,板楼,,
德民花苑,2947,120.89303,32.01917,13619,2008年建成,板塔结合,,
新城小区,,120.88445,31.97857,27222,2007年建成,板塔结合,,
恒盛尚海湾,50,120.88268,31.99453,17991,2014年建成,板楼,板塔结合,
学田苑,,120.88308,32.01105,14776,1995年建成,板楼,,
景瑞御府,622,120.92106,31.96762,14889,2017年建成,板楼,,
新城香溢紫郡,1308,120.84256,32.0666,14140,2016年建成,板塔结合,,
北濠桥东村,,120.86902,32.03225,14174,1997年建成,板楼,,
万濠星城,987,120.86361,31.98701,18103,2015年建成,塔楼,,
苏建花园城,16,120.8957085,32.0200753,17812,2011/8/1,板塔结合,,
星景花园,,120.96898,31.94972,9128,2006年建成,板楼,,
恒盛豪庭,,120.918,32.01432,14543,2012年建成,板楼,,
春天花园,,120.947926,31.905966,11573,2001年建成,板楼,,
军山花园,,120.91125,31.92781,14558,2013年建成,板楼,,
星海花园,,120.94283,31.91018,10660,2008年建成,板楼,,
中海碧林湾,1110,120.82804,32.06553,14551,2016年建成,板楼,,
春晖花园,,120.87423,31.98585,14184,2007年建成,板楼,,
首开紫宸江湾,,121.176918,31.83491707,8347,,,,
竹韵花园,,120.9913,31.9037,8218,2011年建成,板楼,,
育闲花苑,697,120.8732834,32.04889679,16298,2012年建成,板楼,,
银花苑,,120.87928,32.01726,25468,1993年建成,板楼,,
海上传奇,,121.00813,31.83659,9855,,板楼,,
崇川星光域,,120.87483,32.04058,18429,2017/12/1,板塔结合,,
南川园新村,,120.88764,32.00014,12636,1993年建成,板楼,,
世纪新城,,120.91412,31.98542,14123,2008年建成,板楼,,
华润悦景湾,,120.8580399,32.05169678,17156,2013年建成,板楼,,
海尚家园,,120.96776,31.96219,10054,2005年建成,板楼,,
万濠华府,,120.85066,32.01088,19881,2011年建成,板楼,,
优山美地花园,,120.91392,31.93694,13810,,板楼,,
世濠花园,,120.91509,31.99477,13474,2015年建成,板楼,,
新开苑,,120.94308,31.91457,10749,2002年建成,板楼,,
南山国际社区,3091,120.88084,32.05204,14542,2015年建成,板塔结合,,
虹桥新村,,120.84701,32.00218,9867,1988年建成,板楼,,
新建路新村,,120.84988,32.00689,14381,1986年建成,板楼,,
第九园,72,120.96788,32.00032,10639,2012年建成,板塔结合,,
紫东南苑,,120.90113,32.0011,14843,2016年建成,板楼,,
冠城大通棕榈湾,,120.93437,32.01806,17223,2013/12/1,板楼,,
弘阳上城,420,120.924,31.9983,17829,2013年建成,板楼,,
兆丰嘉园,,120.88267,31.98666,21316,2008年建成,板塔结合,,
悦达巴黎公馆,599,120.888019,32.010396,18104,2017年建成,板楼,,
易家桥新村,,120.883877,32.001254,12346,1998年建成,板楼,,
海棠花园,,120.96034,31.95328,11258,2012年建成,板楼,,
保利香槟国际,213,120.83241,32.04205,16206,2013年建成,板楼,,
德诚翰景园,9,120.93587,32.01893,17182,2012年建成,板楼,,
中港城,642,120.84804,32.03986,16480,2013年建成,板楼,,
星怡花园,,120.97888,31.90624,9009,2012年建成,板楼,,
沿海十里蓝院,,121.39117,32.18298,7800,,,,
枫丹酩悦,,121.0027689,31.83867751,10057,,板塔结合,,
锦安花园,,120.87838,31.9937,15300,2009年建成,板楼,,
星富花园,,120.96298,31.95303,9770,2010年建成,板楼,,
苏建名都城,,120.87432,31.99421,21404,2015/3/31,板楼,板塔结合,
世家花园,,120.98999,31.90748,8677,2012年建成,板楼,,
高迪晶城,41,120.82381,32.03216,13229,2011年建成,板楼,,
龙游湖壹号,,120.61185,32.34802,7910,,,,
南通星光耀广场,47,120.89008,31.96679,30738,2015年建成,塔楼,,
尚海城,181,120.86294,32.05253,15843,2012年建成,板楼,,
天山花苑,,120.93686,32.01164,12102,1999年建成,板楼,,
金科城,405,121.00814,31.83999,8327,2014年建成,板楼,,
北城名郡,250,120.87298,32.047,17091,2015年建成,板楼,,
苏建学府雅居,,120.88673,31.97125,31028,2016/6/1,板楼,,
雨润星雨华府,800,120.85365,32.05669,14145,2016年建成,塔楼,,
德诚翠湖湾,747,120.90226,32.01776,21197,2013年建成,板楼,,
天一惠泽苑,,120.90528,32.00059,12552,2014年建成,板楼,,
苏建阳光新城,,120.87843,32.05038,15980,2009/2/1,板楼,,
五洲翡丽湾,,120.49029,32.52833,7302,2015/6/1,板楼,,
城南新村,,120.86727,32.0023,11255,1990年建成,板楼,,
南川园,,120.88972,31.99711,13661,2006年建成,板塔结合,,
山姆永兴佳园,,120.80997,32.0301,10846,2008年建成,板塔结合,,
新桥新村,,120.88533,32.02516,10121,1985年建成,板楼,,
星辰花园,,120.97776,31.90036,8268,2006年建成,板楼,,
湖山源著,,121.1021,32.0585,12402,,板塔结合,,
久强幸福湾,,120.63478,32.39833,6722,,,,
盛和花半里,634,120.89081,32.02675,18149,2017年建成,板楼,,
世茂新界,,120.9515,31.91805,12360,2018年建成,塔楼,,
天一裕景苑,,120.91495,31.98823,14451,2013年建成,板楼,,
外滩小区,,120.83853,32.0013,11008,1998年建成,板楼,,
星嘉花园,,120.95988,31.96434,8806,2000年建成,板楼,,
城山家园,,120.88638,31.96534,18549,2009年建成,板楼,,
景河苑,,120.9144,32.01511,13036,2013年建成,塔楼,,
罗福宫,72,120.96946,32.00219,10103,2012年建成,板楼,,
森大蒂花苑,,120.87976,32.01959,23564,2004年建成,板楼,,
都市华城,,120.84749,32.00988,暂无,2007年建成,板塔结合,,
湖滨华庭,,121.09165,32.05454,11361,2016年建成,板塔结合,,
万科城市之光,144,120.92297,32.01815,18376,2017年建成,板楼,,
首开紫郡,,121.14622,31.8126,8659,,,,
通州时代・尚城,,121.00931,31.91976,8564,,板楼,,
新桥北村,,120.8832,32.02981,10670,1998年建成,板楼,,
东晖花园,,120.9147,32.0201,14455,2011年建成,板塔结合,,
红星天铂,,120.93262,32.00174,16045,2020/6/1,板楼,,
金辉花园,,120.87255,31.98337,12424,2009年建成,板塔结合,,
望江楼小区,,120.87618,32.01899,27158,1991年建成,板楼,,
意邦绿墅湾,14,120.84174,32.04492,16657,2013年建成,板楼,,
颐景苑,,120.86832,31.9859,17050,2015年建成,板楼,,
城港新村,,120.84232,32.0219,10541,1995年建成,板楼,,
富都豪园,,121.07421,32.04146,8232,2015/6/1,板楼,,
润泽嘉园,,120.71274,32.36019,5284,,板楼,,
万达华府,,120.83248,32.03454,18186,2015年建成,塔楼,,
湾子头新寓,,120.87345,32.01636,28233,1997年建成,板楼,,
金鼎湾,191,120.85437,32.00756,22879,2012年建成,板楼,,
碧桂园天玺湾,273,121.09836,32.06063,12209,2016年建成,塔楼,板塔结合,砖楼
文景嘉苑,,120.88247,31.99608,19895,2010年建成,板楼,,
朝晖花园,,120.8692,31.99623,13884,2000年建成,板楼,,
朝阳新村,,120.9606705,31.95067787,12152,2014年建成,板楼,,
光明南村,,120.86377,31.99568,14281,1996年建成,板楼,,
天虹花园,1154,120.89196,32.02408,16736,2009年建成,板塔结合,,
优山美地,151,120.94936,31.91377,13079,2011年建成,板楼,板塔结合,
三里墩花苑,,120.90103,32.01273,15738,,板楼,,
世纪东城,,120.91729,31.98433,14555,2009年建成,板楼,,
万濠世家,276,120.87659,31.98691,21025,2016年建成,板楼,,
星月花园,,120.91893,31.96226,12629,2012年建成,板楼,,
新港花苑,,120.91006,31.95951,14363,2012年建成,板楼,,
凤凰莱茵河畔,2,120.89044,31.98477,22269,2013年建成,板楼,,
江湾国际中心,,120.99594,31.84207,7656,2016/5/21,板塔结合,,
南通壹城水清木华,,120.9106618,31.9474705,19195,2012年建成,板楼,,
天勤家园,1753,120.89465,32.02472,13421,2008年建成,板楼,,
国基桂花小镇,55,120.87603,32.04892,15305,2015年建成,板楼,,
和盛林荫水岸,,120.88438,32.06003,11332,2012年建成,板楼,,
海韵花园,,120.96221,31.94996,11227,2012年建成,板楼,,
金科廊桥水岸,,121.0068691,31.84099472,8065,,板楼,,
南通恒大悦珑湾,,121.0190043,31.91760867,8969,,板楼,,
炜赋星湖邻里,449,120.94367,31.91878,10764,2011年建成,板楼,板塔结合,
学田南苑,,120.88435,32.01054,14288,1999年建成,板楼,,
越江新村,,120.82538,32.02552,11787,2007年建成,板楼,,
大唐金城,436,121.06791,32.04916,9731,2012年建成,板楼,,
融悦华庭,528,120.88317,32.05342,12612,2015年建成,板塔结合,,
学田北苑,,120.88524,32.01855,14031,1998年建成,板楼,,
海门中南世纪城,,121.20596,31.8993,22646,2012年建成,板楼,,
金水湾花园,4,120.90924,31.93109,13102,2011年建成,板楼,,
城港花苑,,120.84494,32.02369,12100,2008年建成,板楼,,
观澜台,,121.10256,32.0602,12145,,板塔结合,,
江海皇都,,121.07605,32.06021,10987,2006年建成,板楼,,
四季春城,,120.92048,31.98341,12565,2016/12/1,板楼,,
同和嘉苑,,120.92209,32.01287,13563,,板楼,,
吴中豪景华庭,422,120.89967,32.01823,19676,2014年建成,板楼,,
银洲皇家学府,,121.65172,31.79635,16074,,板楼,,
濠西园,,120.85365,32.01772,12519,2002年建成,板楼,,
九里香堤,,120.868838,32.062627,18751,,,,
金海岸国际广场,,120.879055,32.044592,9000,2010年建成,板楼,,
天都花苑,,120.89089,31.98691,16402,2006年建成,板塔结合,,
万科濠河传奇,862,120.84419,32.00768,20181,2015年建成,板楼,,
幸福天地,922,120.95143,31.916,14113,2016年建成,板楼,,
纽约时代,,120.86128,32.06347,9954,2015/12/31,板楼,,
世茂九龙庭,,120.956247,31.9194155,12186,2019/12/1,板楼,,
未来锦城,,120.92015,32.0219,15628,2013年建成,板楼,,
万科白鹭郡,,120.8323135,32.07016373,15130,,板楼,,
北濠桥新村,,120.86266,32.02765,11758,1996年建成,板楼,,
金和家园,158,121.07684,32.05498,10392,2011年建成,板楼,,
盛唐公寓,,120.84282,32.0532,11923,2013年建成,板楼,,
天润家园,,120.89409,32.02631,14206,2008年建成,板塔结合,,
百花苑,,120.56268,32.3945,11723,1999年建成,板楼,,
林肯公园,,120.9748119,31.9316565,15390,,板塔结合,,
友谊家园,,120.87259,32.03045,19091,2007年建成,板塔结合,,
城南二村,,120.87205,31.98986,12279,1997年建成,板楼,,
博园岚郡住宅,,120.88225,31.96076,26244,2009年建成,板楼,,
虹桥东村,,120.85111,31.99506,10285,1998年建成,板楼,,
龙潭福里,,120.78847,32.04906,9833,2012年建成,板楼,,
文峰花苑,,120.8801,32.0062,24162,1997年建成,板楼,,
五一新村,,120.89038,31.99059,16429,1998年建成,板楼,,
八角亭,,121.073761,32.07045746,7597,2000年建成,板楼,,
鸿鸣摩尔,52,120.85647,32.04406,9511,2012年建成,板塔结合,,
景华城,74,120.83936,32.01105,17525,2011年建成,板塔结合,,
如皋九龙湾,,120.76931,32.23921,5073,,板楼,,
南园小区,,120.87425,32.01242,26138,1980年建成,板楼,,
文峰新村,,120.87889,32.00586,23936,1997年建成,板楼,,
星湖花园,,120.94205,31.92667,12344,2002年建成,板楼,,
星润花园,,120.95757,31.90518,10878,2009年建成,板楼,,
友谊嘉御龙庭,167,120.86352,32.04731,17608,2011年建成,板楼,,
永和佳苑,,120.82354,32.03841,12232,2006年建成,板楼,,
中天福邸,,120.87527,32.01786,28802,2007年建成,板塔结合,,
公园佳苑,,120.82107,32.06572,12084,2008年建成,板楼,,
虹桥南村,,120.84513,31.99743,9183,1993年建成,板楼,,
江景瑞园,,121.01334,31.831,7219,,板楼,,
怡园佳苑,,120.83939,32.049,12376,2010年建成,板楼,,
学田中南苑,,120.88535,32.01624,14881,1997年建成,板楼,,
御景澜庭,,120.86565,32.05261,暂无,2015年建成,板楼,,
滨河东城,,120.91984,32.01921,9559,2006年建成,板塔结合,,
江山鼎,266,120.91583,31.95179,13035,2015年建成,板塔结合,,
佳源都市,,121.05703,32.08347,8497,,塔楼,,
江景花园,,120.71747,32.05731,8468,2013年建成,板楼,,
曙光福里,,120.8153,32.02609,11500,2013年建成,板楼,,
星竹花园,,120.98312,31.8992,8385,2009年建成,板楼,,
碧桂园・翡翠华府,144,120.92251,31.98812,23518,2018年建成,塔楼,,
翰林府,72,120.87567,32.01279,32493,2011年建成,板楼,,
山景水岸,432,120.9141,31.94968,15813,2014年建成,板塔结合,,
万顷良田B区,,121.1019287,32.08927155,8413,2014年建成,板楼,,
五山家园,,120.90281,31.96408,14109,2009年建成,板楼,,
鑫城南苑,,120.94145,32.00189,暂无,,板楼,,
新海通花园,,120.87823,32.01338,23031,1999年建成,板楼,,
益兴名流府,331,120.88491,31.98479,26600,2012年建成,板楼,,
水榭花都,,121.06498,32.06108,10943,2009年建成,板楼,,
书香华府,364,121.06291,32.05098,10766,2016年建成,板塔结合,,
五洲御锦城,836,120.86362,32.03509,19008,2014年建成,板楼,,
学田东苑,,120.89455,32.01687,14731,1998年建成,板楼,,
虹桥北村,,120.84568,32.00524,10333,1997年建成,板楼,,
恒隆国际广场,,120.88764,31.97904,14107,2014年建成,板塔结合,,
名都广场,,120.86692,32.01066,22490,2007年建成,板塔结合,,
水榭花城,172,121.05246,32.0827,12125,2015年建成,板楼,,
幸福新居,,120.83664,32.08489,9260,,板楼,,
涌鑫八达通广场,,120.91932,32.00355,8024,2014年建成,板楼,,
印力中心,297,120.88854,31.98755,19835,,板楼,,
百家花苑,,121.07703,32.05367,7165,2000年建成,板楼,,
青年路新村,,120.85806,32.0053,15514,1983年建成,板楼,,
万科公园里,756,120.86348,32.05533,16755,2017年建成,板楼,,
万顷良田C区,,121.101929,32.089272,8825,2013年建成,板楼,,
幸福人家,,120.84348,32.08644,10255,2013年建成,板楼,,
怡居北苑,,120.84532,32.05065,10385,2009年建成,板楼,,
白家园,,120.86637,32.00897,29180,1996年建成,板楼,,
凤凰新城,,120.35825,32.64185,4216,2017年建成,板楼,,
富民新村,,120.93395,31.9188,8903,1992年建成,板楼,,
景瑞十八号,,120.9465714,31.92699814,15116,2013年建成,板楼,,
南通紫竹苑,,120.85579,32.00186,14126,2002年建成,板楼,,
尚德城邦,,120.85624,32.03132,16134,2009年建成,板楼,,
炜赋花苑,,120.91918,31.96542,13757,2012年建成,板楼,,
星盛花园,,120.95856,31.90928,11700,2007年建成,板楼,,
怡园北村,,120.84892,32.04792,11624,2003年建成,板楼,,
滨江丽都桥语,,121.00368,31.84,7836,2014/6/1,板楼,,
富新园,,120.9352255,31.91673897,暂无,1994年建成,板楼,,
公园南苑,,120.8256,32.06109,12147,2015年建成,板楼,,
虹桥新苑,,120.84281,31.99674,10683,2003年建成,板楼,,
江景苑,,120.8532,31.99592,13581,2016年建成,板楼,,
盛和永兴花苑,,120.8225,32.03506,10390,2007年建成,板楼,,
幸福锦园,,120.84922,32.08525,8903,2012年建成,板楼,,
中海・上林院,,120.92203,31.98362,25220,2015年建成,板楼,,
紫荆花园,,120.9414,31.91675,9915,2003年建成,板楼,,
达欣祥和湾,,120.38915,32.51142,5522,,板楼,,
凤凰文化广场,643,120.89743,31.97568,18211,2014年建成,塔楼,,
光明新村,,120.86083,32.00095,13030,1993年建成,板楼,,
光明东村,,120.86451,32.00045,13640,1995年建成,板楼,,
豪天花苑,,120.58427,32.10428,5401,,,,
海港新村,,120.88101,31.97927,17550,2001年建成,板楼,,
仁和锦居,,120.79901,32.08841,8548,2006年建成,板楼,,
润华国际中心,26,120.95103,31.92701,11039,2011年建成,板塔结合,,
文华名邸,889,120.94007,32.01595,15149,2011年建成,板楼,,
五洲国际广场,,120.86288,32.03288,9925,2014年建成,板楼,,
怡园锦居,,120.85066,32.04507,12037,2009年建成,板楼,,
中南七星花园,,120.90134,31.96787,26541,2009年建成,板楼,,
北城一品,91,120.86164,32.05556,11586,2012年建成,板楼,,
春风南岸,,120.962381,31.940694,14006,,板塔结合,,
明珠花园,,120.94276,31.9184,11085,2005年建成,板楼,,
万科金域蓝湾,,120.86333,32.04985,18648,2014年建成,板楼,,
幸福新城,,120.83414,32.07095,12660,2014年建成,板楼,,
银河湾,,121.05457,32.07319,9630,2015/5/1,板楼,,
云公馆,,120.89387,31.97034,13160,2016年建成,板楼,板塔结合,
中南熙悦,,120.9569014,31.94259847,14338,2019/12/1,板楼,,
城南小苑,,120.87642,31.99197,12902,1998年建成,板楼,,
东城花园,,120.91899,32.01801,12663,2009年建成,板楼,,
恒大海上威尼斯,72,121.92669,31.72096,14589,2013年建成,板楼,,
教育新村,,120.89661,32.00686,13295,1999年建成,板楼,,
江海佳苑,,120.88354,32.04695,12337,2014年建成,板楼,,
莲花苑,,120.87422,32.02221,17790,2001年建成,板楼,,
南辰濠郡,,120.87861,32.03192,18630,,板楼,,
五山花苑,,120.90319,31.95963,14474,2010年建成,板塔结合,,
长航地中海花园,,120.82475,32.03564,12797,2010年建成,板楼,,
江景国际,,120.8269,32.01355,12215,2015/12/30,板楼,,
书院坊,,120.93813,32.01587,14041,2011年建成,板楼,,
唐闸公园二村,,120.81659,32.0702,10793,2010年建成,板楼,,
永怡家园,,120.84052,32.04769,13612,2015年建成,板楼,,
御景湾,101,121.05831,32.08033,9070,2012年建成,塔楼,,
晨苑,,120.8485,32.0192,11523,1999年建成,板楼,,
瑞兴花园,,120.98757,31.90025,8642,,板楼,,
华德名人世家,144,121.07605,32.05162,9536,2011年建成,板塔结合,,
金桥花园,,121.05793,32.05301,9546,2010年建成,板楼,,
绿地新都会,691,120.91006,32.02167,18334,2016/12/1,板楼,,
天馨花苑,,120.87843,32.01809,25691,2004年建成,板楼,,
五山新苑,,120.89608,31.9615,14410,2008年建成,板楼,,
万科白鹭湾,,121.002066,31.830496,10562,,板塔结合,,
文峰北苑,,120.87988,32.01104,23882,2000年建成,板楼,,
星通花园,,120.9178,31.94512,10961,2008年建成,板楼,,
星宇花园,,120.91897,31.94903,11103,2007年建成,板楼,,
远创樾府,,120.8328,32.07754,13645,,板楼,,
曲新花苑,,120.33113,32.49393,暂无,,,,
仁和景苑,150,120.93794,32.05105,9932,2015年建成,板塔结合,,
鑫湖国贸中心,732,120.9577,31.92808,6925,2014年建成,塔楼,,
星海花园菁英汇,,120.9444791,31.90812238,11714,2008年建成,板楼,,
怡园新苑,,120.84686,32.05213,11209,2001年建成,板楼,,
长江紫园,,121.2391278,31.89405222,8216,2015年建成,板楼,,
海门金凤花园,,121.35586,31.99172,6195,2016年建成,板楼,,
和兴花苑,,120.88019,32.01708,24884,2001年建成,板楼,,
佳期漫,,120.92826,32.02027,21046,,板楼,,
军山汇贤居,,120.91265,31.94255,14160,2011年建成,板楼,,
绿洲国际,,120.85917,32.05541,10856,2014年建成,板塔结合,,
龙湖佳苑,,120.79187,32.05024,9246,2016年建成,板楼,,
南通1912,,120.83536,32.0357,18382,2019/12/31,板楼,,
时代悦城,,120.9165858,32.00411074,18496,,板楼,,
盛鑫金桥世家,,121.06423,32.05406,9846,2011年建成,板楼,,
外滩北苑,,120.83563,32.00766,13697,2007年建成,板塔结合,,
中港金座,,120.8477631,32.04246521,10124,2016/5/8,板塔结合,,
北郭东村,,120.87878,32.02596,14317,1997年建成,板楼,,
滨江花园,,120.88512,31.9611,11505,2005年建成,板楼,,
百花军宅苑,,120.85551,32.0278,12894,2001年建成,板楼,,
大南新村,,120.81311,32.06069,5032,1996年建成,板楼,,
金色城品,,121.06953,32.056,11907,2012年建成,板楼,,
金鑫苑,,120.88662,32.0021,13861,1999年建成,板楼,,
启秀花园,,120.8731,32.00722,25572,2002年建成,板楼,,
曙光新村,,120.8176187,32.02205702,9117,1993年建成,板楼,,
森松花园,244,120.58983,32.09647,4029,2013年建成,板楼,,
万林名都城,,120.54713,32.39355,6330,2014年建成,塔楼,,
新苑华庭,,120.80613,32.05589,10987,2011年建成,板楼,,
怡安花苑,,120.87415,31.9985,14302,2006年建成,板楼,,
圆融广场,277,120.88342,32.00555,30485,2013年建成,板楼,,
中瑾翰铂府,104,121.08295,32.09541,10597,2014年建成,板楼,,
中瑾世纪城,,121.06976,32.05853,10752,2008年建成,板楼,,
城市名人花园,,120.88694,32.01985169,15310,2011年建成,板楼,,
和谐怡园汇景,,120.8376083,32.05146027,12395,2008年建成,板楼,,
金通家园,4,121.05861,32.06029,9176,2015年建成,板塔结合,,
金飞达名郡,,120.88313,32.02472,18551,2010年建成,板楼,,
绿地新里城,,120.97166,31.92806,10778,2020/5/1,板楼,,
任港路新村,,120.84691,32.01096,16193,1978年建成,板楼,,
太阳鑫城,,120.87052,31.98966,11399,2007年建成,板塔结合,,
五山公寓,,120.89868,31.95724,10751,2007年建成,板楼,,
万和华府,432,121.06426,32.05582,11481,2014年建成,板塔结合,,
中港国际公寓,,120.84804,32.03986,7451,2017年建成,板楼,,
北园新村,,120.87305,32.02276,15702,2000年建成,板楼,,
北郭北村,,120.87579,32.02466,15197,1997年建成,板楼,,
陈桥佳苑,,120.8031,32.10416,7849,2002年建成,板楼,,
富贵园,,120.8671,32.01965,26917,1993年建成,板楼,,
金霞北苑,,121.08836,32.07358,7608,2011年建成,板楼,,
龙王桥新村,,120.88495,32.02,13771,2001年建成,板楼,,
南园路18号,,120.87441,32.01302,25551,1995年建成,板楼,,
如皋碧桂园,170,120.56415,32.40841,5615,2013年建成,板楼,,
仁和家园,,120.94546,32.05487,8428,2009年建成,板楼,,
唐闸公园一村,,120.81553,32.06752,10617,2007年建成,板楼,,
怡园新邸,,120.84806,32.05212,10365,2008年建成,板楼,,
雅学苑,,120.93666,32.01375,14691,2014年建成,板楼,,
毓秀家园,,120.85045,32.03122,12532,2008年建成,板楼,,
安康小区,,121.07816,32.09372,7103,2000年建成,板楼,,
板桥东村,,120.88869,32.02128,11150,1995年建成,板楼,,
段家坝小园,,120.86994,32.00115,10061,1996年建成,板楼,,
德诚嘉园,,120.94082,31.91421,11292,2007年建成,板楼,,
花园角,,120.85218,32.01411,10621,1990年建成,板楼,,
将军园,,120.85521,32.01223,10239,1994年建成,板楼,,
蓝湾景天,90,120.55785,32.39617,5276,2010年建成,板楼,,
南山湖1号,224,121.08883,32.05944,13921,2017年建成,板塔结合,,
如皋中南世纪城,528,120.59102,32.37038,7506,2016年建成,塔楼,,
通源新村,,121.18937,31.90031,9636,1998年建成,板楼,,
王府大厦,,120.87213,32.01778,23621,2009年建成,板楼,板塔结合,
炜建花园,,120.92682,31.92056,8275,2003年建成,板楼,,
星苏花园,,120.99272,31.85197,7241,2009年建成,板楼,,
新桃园,,120.85895,32.00895,15627,1996年建成,板楼,,
小石桥花苑,,120.8837,32.02219,11874,2001年建成,板楼,,
永和花苑,,120.82442,32.04075,10855,2010年建成,板楼,,
御景华庭,50,121.07267,32.05563,13230,2014年建成,板楼,,
翠湖景苑,,121.08433,32.09249,10280,2016年建成,板楼,,
虹桥西村,,120.84154,32.00006,9423,1993年建成,板楼,,
瀚学苑,,121.0713,32.09309,9343,2007年建成,板楼,,
佳苑东区,,121.0848565,32.08756503,6855,2005年建成,板楼,,
能达万和家园,,120.96175,31.90604,11218,2015年建成,板楼,,
沙家圩,,120.92152,31.96527,12821,2016年建成,板楼,,
万象西园,,120.85352,32.01617,10231,1996年建成,板楼,,
鑫乾花园,,120.88069,32.02815,17082,2003年建成,板楼,,
紫阳开心公寓,,120.83819,32.01485,9542,2010年建成,板楼,,
招商雍华府,,120.8362456,32.05830101,16533,,板楼,,
众和花园,,120.87886,32.01924,22059,2001年建成,板楼,,
光明西村,,120.85897,31.99918,12331,1995年建成,板楼,,
国贸华府,,121.08779,31.96728,9069,2016年建成,板楼,,
华能苑,,120.87049,32.00386,26415,2001年建成,板楼,,
宏和伽都,,120.32252,32.67164,4330,,板楼,,
桔子水晶公寓,,120.85531,32.00222,17300,2013/12/1,塔楼,,
瑞丰花园,,120.84493,32.0217,13056,2002年建成,板楼,,
幸福启秀星河城,,120.84037,32.08151,8942,1900年建成,板楼,,
怡居苑,,120.84341,32.04982,11965,,,,
姚港路社区,,120.85579,32.00186,13628,1990年建成,板楼,,
百花大厦,,120.84793,32.02713,11184,2002年建成,塔楼,,
城港世纪园,,120.84196,32.01932,12255,1996年建成,板楼,,
福景苑,,120.88954,32.03027,14369,2015年建成,板楼,,
鸿运城市花园,,120.8457,32.01289,11203,1996年建成,板楼,,
金磨华庭,,120.57365,32.28229,4150,2016年建成,板楼,,
金色城邦,369,121.05877,32.05568,10073,2014年建成,板楼,,
金霞南苑,,121.08754,32.06834,9537,2012年建成,板楼,,
隆兴佳园,,120.79511,32.04422,9719,1998年建成,板楼,,
南通运杰龙馨园,324,120.91631,32.02133,19867,2013年建成,板楼,,
同顺苑,,120.93836,31.91901,9938,2009年建成,板楼,,
学田棕榈园,,120.88957,32.01531,16091,1999年建成,板楼,,
新星苑,,120.92022,31.94186,10198,1999年建成,板楼,,
新华城市家园,,121.06377,32.07507,10389,2012年建成,板楼,,
城河新村,,121.64954,31.80681,6996,1996年建成,板楼,,
城东小区,,121.08666,32.07756,8139,2002年建成,板楼,,
城北家园,,120.87012,32.03436,14463,2014年建成,板楼,,
德民旺角,574,120.88647,32.02228,17516,2015年建成,板楼,,
宏丰苑,,120.8802,32.015,22526,2000年建成,板楼,,
健康公寓,,120.86555,32.01044,26669,2000年建成,板楼,,
金九华府,,120.5731,32.38278,暂无,2007年建成,板楼,,
黎明花园,,120.84781,32.0213,12853,2002年建成,板楼,,
南通碧桂园・天悦,,121.061365,31.955904,9131,,板楼,,
全景大厦住宅,,120.8737717,32.01438904,33870,2010年建成,板楼,,
如意佳园,,120.46598,32.55129,7998,,板楼,,
天龙逸园,254,120.8901,32.01722,20968,2015/6/1,板楼,,
万和润园,144,121.08415,32.06489,12274,2016年建成,板楼,,
文峰路17号,,120.8755722,32.01074219,26419,1997年建成,板楼,,
西郊花苑,,121.59381,31.82683,5648,,板楼,,
怡园新村,,120.85017,32.04456,暂无,1998年建成,板楼,,
御驾花苑,,120.63718,32.22347,4621,2014年建成,,,
中交美庐城,,120.56611,32.41538,暂无,2013年建成,板楼,,
中南大厦,,120.85265,32.01557,8342,1996年建成,板楼,,
东景国际,,120.900624,32.022516,10045,2007年建成,板塔结合,,
皋南新村,,120.56243,32.37347,4568,2001年建成,板楼,,
公园佳苑二期,,120.82231,32.06451,12714,2012年建成,板楼,,
濠南君邑,10,120.87213,32.0041,38121,2011年建成,塔楼,,
濠河经典苑,,120.86129,32.00498,26670,2009年建成,板楼,,
华山花苑,,121.05291,32.06121,6573,2009年建成,板楼,,
江海名苑,,120.86881,32.01531,29414,2008年建成,板楼,板塔结合,
丽康花园,,120.80428,32.08928,9905,2013年建成,板楼,,
乐天桐墅湾,,120.88264,32.01814,24541,2013年建成,板楼,,
龙墅官公岛,,121.23166,31.94297,7610,,板楼,,
四季绿苑,,120.84725,32.0065,16138,2011年建成,板楼,,
师范桥,,121.07703,32.0767,6713,1998年建成,板楼,,
三三公寓,,120.87642,32.01713,26524,2003年建成,板楼,,
新华佳园,,120.80444,32.05104,9208,2010年建成,板楼,,
幸福花苑,,120.84598,32.08466,9166,2013年建成,板楼,,
星源名苑,,121.0871,32.08386,9437,2016/12/1,板塔结合,,
晏园凤凰汇,,120.88038,32.02064,28043,2012年建成,板楼,,
振兴花园,,120.93965,31.91631,9696,2000年建成,板楼,,
北街新村,,120.8725,32.02198,16031,1998年建成,板楼,,
八仙花苑,,120.86785,32.0165,23634,1999年建成,板楼,,
滨河人家,,121.06754,32.08929,8058,2014年建成,板楼,,
百花南苑,,120.85323,32.02344,13322,2006年建成,板楼,,
北濠山庄,,120.86595,32.0254,23915,2000年建成,板楼,,
财富商城住宅,,120.855179,32.038353,9097,2008年建成,板楼,,
城山花园,,120.8787,31.96635,18749,2010年建成,板楼,,
莱茵国际,79,120.8721771,32.00278091,27252,2012年建成,板楼,,
大唐世纪豪庭,203,121.07262,32.05358,12164,2014年建成,板楼,,
东苑小区,,120.8781738,32.01987457,25524,1996年建成,板楼,,
濠西园华迪小区,,120.85492,32.02006,12973,1998年建成,板楼,,
鸿运58号空间,,120.8799667,32.04834747,7624,2008年建成,板楼,,
华侨花苑,,120.85761,32.02449,12241,2001年建成,板楼,,
玖星玺园,,121.09453,31.95498,8211,2017年建成,板楼,,
家和花苑,,120.87504,32.00254,15790,1998年建成,板楼,,
丽景花苑,,120.88126,32.01585,26232,2007年建成,板楼,,
民心花园,,120.9118,31.98396,13999,,板楼,,
启秀南苑,,120.87254,32.00556,25490,2001年建成,板楼,,
莘园路新村,,120.85783,32.00667,16246,2007年建成,板楼,,
水岸花都,,120.7520373,32.10985408,7511,,板楼,,
天和景居,,120.7996,32.09487,8792,2013年建成,板楼,,
万象北园,,120.85164,32.01882,9078,1996年建成,板楼,,
鑫品佳园,,120.55156,32.3989,5125,2011年建成,板楼,,
新华三村,,120.80035,32.05406,9911,2014年建成,板楼,,
星源花苑,,121.08113,32.07075,7144,,板楼,,
友谊公寓,,120.85992,32.01012,19501,2007年建成,板楼,,
中远小区,,120.83565,31.99841,11649,2002年建成,板楼,,
中兴・兰溪荟,,120.96063,31.93431,11390,,板楼,板塔结合,
中兴花苑,,120.92956,31.91903,10044,2003年建成,板楼,,
爱玛花苑,,120.938174,31.919688,12724,2003年建成,板楼,,
陈家小园,,120.844794,32.0188,12127,1999年建成,板楼,,
翠园花苑,,121.0824,32.08466,10096,2009年建成,板楼,,
朝晖小苑,,120.87042,31.99381,14269,2014年建成,板楼,,
东景新城,,120.89915,32.02088,9825,2007年建成,板楼,,
方大花苑,,120.87371,32.0016,11720,1998年建成,板楼,,
富贵北园,,120.86564,32.02112,26451,1999年建成,板楼,,
果园南苑,,121.09174,32.04978,9120,,板塔结合,,
濠滨花园,,120.86896,32.02557,21895,2007年建成,板楼,,
海门御景园,,121.14147,31.81751,8009,2014年建成,板楼,,
南通华润中心,1357,120.8547363,32.05410004,9456,2015年建成,板楼,,
濠东路63号,,120.8700714,32.02999497,12382,1993年建成,板楼,,
金海丽水湾,132,120.44584,32.5504,4893,2015年建成,板楼,,
金霞东苑,,121.09318,32.07289,9302,2014年建成,板楼,,
民生滨江丽景,,120.81649,32.02171,12666,2008年建成,板楼,,
名都豪庭,104,121.06343,31.95573,6997,2015年建成,板楼,,
南方公寓,,120.87564,32.03172,15836,2006年建成,板楼,,
南湖学府,456,121.08747,32.0671,13406,2015年建成,板楼,,
时珍园,,120.85512,32.00173,11012,1998年建成,板楼,,
学田千禧园,,120.89172,32.01615,16183,2001年建成,板楼,,
新龙花苑,,120.8834,32.02732,12789,2006年建成,板楼,,
新东方花苑,44,120.88739,32.0219,19315,2013年建成,板楼,,
颐和花园,,120.84892,32.021,12694,2002年建成,板楼,,
永兴福里,,120.82951,32.0395,14256,2016年建成,板楼,,
阳光花园,,120.84684,32.02232,12506,2002年建成,板楼,,
永兴花苑,,120.82492,32.03642,11825,2011年建成,板楼,,
育才花苑,,121.06974,32.09522,6584,2006年建成,板楼,,
晏园玖珑城,,120.88263,32.02084,15977,2011年建成,板楼,,
亚太苑,,120.88534,31.99954,15485,2005年建成,板楼,,
奥特莱斯,,120.85447,32.04052,暂无,2009年建成,板楼,,
都市华庭,816,120.55949,32.38083,6016,2012年建成,板楼,,
翡翠花园,,120.8631,32.02531,20496,2000年建成,板楼,,
濠西园中北小区,,120.8549,32.01875,12409,2000年建成,板楼,,
濠景仁居,,120.85699,32.019,18851,2014年建成,板楼,,
荟景苑,,120.91242,31.9551,14286,2014年建成,板楼,,
濠景园,,120.87595,32.00089,14670,2003年建成,板楼,,
汇园小区,,120.92725,31.9215,8106,1992年建成,板楼,,
金龙花苑,,120.88588,32.01951,15122,2000年建成,板楼,,
京扬数码广场,,120.90058,32.02392,11052,2012年建成,塔楼,,
丽都花园,,120.80275,32.09221,9450,2013年建成,板楼,,
明珠新村,,121.67113,31.81194,9184,1997年建成,板楼,,
浅水湾,,120.57463,32.39525,6209,2008年建成,板楼,,
青青家园,,120.97655,32.00287,9111,2008年建成,板楼,,
如皋翠湖湾,,120.64065,32.40414,5125,,,,
双霞花苑,,121.08074,32.06569,8653,,板楼,,
桃坞路服饰城住宅,,120.85932,32.00952,16327,2001年建成,板楼,板塔结合,
泰山公寓,,121.05023,32.0737,8160,2005年建成,板楼,,
通明花苑,,120.88917,32.00263,19700,2009年建成,板楼,,
万豪公寓,,121.07473,32.08716,10445,2000年建成,板楼,,
炜赋人和家园,,120.92736,31.92286,10330,2013年建成,板楼,,
永和佳园,,120.8218431,32.04183497,12171,2012年建成,板楼,,
永兴之星,,120.8033752,32.03292084,4112,2006年建成,板楼,,
中南・漫悦湾,,121.1628,31.90185,暂无,,板楼,,
中南俪园,,120.88798,32.01789,18425,2005年建成,板楼,,
宾东新村小区,,121.2020557,32.31086789,4491,1999年建成,板楼,,
板桥南村,,120.8879663,32.01917115,10304,1995年建成,板楼,,
东方鑫乾,,120.88131,32.03179,13955,2006年建成,板楼,,
东方花苑,,120.88422,32.03081,12376,2002年建成,板楼,,
复兴新村,,121.16477,31.89689,6037,1998年建成,板楼,,
和丰北城锦居,,120.87544,32.04551,13478,2011年建成,板楼,,
虹景园,,120.85579,32.00038,14969,2002年建成,板楼,,
海南新村,,121.17519,31.88755,7686,1998年建成,板楼,,
海上明珠,,121.03268,32.5511,暂无,2011年建成,板楼,,
恒盛泰晤士印象,,120.5759659,32.1030159,4606,2011年建成,板楼,,
和颐都市绿洲,,120.80229,32.05913,9404,2010年建成,板楼,,
佳成花苑,,120.8487,32.01352,17442,2005年建成,板楼,,
金科世界城,,120.54737,32.37549,7415,2015年建成,板塔结合,,
将军二园,,120.85609,32.0142,9131,2005年建成,板楼,,
三喜花苑,,120.85947,32.00238,16494,2000年建成,板楼,,
苏建新天地,,121.18052,32.29386,7614,2011年建成,板楼,,
通州花苑,,121.07083,32.07466,6061,1998年建成,板楼,,
万象东园,,120.85677,32.01685,9111,1993年建成,板楼,,
新胜花苑,,120.93696,32.01256,10789,2012年建成,板楼,,
秀水华庭,,120.84194,32.1581,6346,,板楼,,
雍和御上海,,121.64824,31.80826,6628,2016年建成,板楼,,
御龙湾,244,120.57849,32.37189,5923,2013年建成,板楼,,
银河公寓,,121.06497,32.07285,7677,2000年建成,板楼,,
奥体新城,80,120.60332,32.37443,7463,2013年建成,板楼,,
城南绿苑,,120.86431,32.00234,8985,2000年建成,板楼,,
长虹新村,,120.84999,32.02256,10792,1998年建成,板楼,,
丰润嘉园,,121.03144,32.44268,暂无,,板楼,,
福瑞嘉园,144,121.0841,32.0712,9599,2015年建成,塔楼,,
光明花苑,,120.85954,32.00068,11784,2002年建成,板楼,,
果园名居,,121.08823,32.05156,8102,,板楼,,
恒基花苑,,120.88399,32.01436,16761,2002年建成,板楼,,
海安华新一品御元,,120.4689331,32.5270958,9248,,板楼,,
海门名人苑,,121.1603,31.89744,7420,2008年建成,板楼,,
虹桥北村钻石楼,,120.84887,32.00583,8629,2003年建成,板楼,,
汇景名豪,504,120.55982,32.38567,3776,2011年建成,板楼,,
恒大御澜庭,,120.83425,32.075694,11890,2018/8/30,板楼,,
濠南路32号,,120.8774789,32.01245984,21464,2002年建成,板楼,,
金鼎名城,342,120.57115,32.37373,9339,2013年建成,板楼,,
锦城苑,18,120.85729,32.027,17747,2017年建成,板楼,,
金和小区,,121.08056,32.07469,7431,2000年建成,板楼,,
佳苑西区,,121.08178,32.08669,7947,2005年建成,板楼,,
锦绣江南,,121.06499,32.07649,8238,2005年建成,板楼,,
龙游御境,,120.57621,32.37664,4929,2012年建成,板楼,,
瑞园,,120.8626,32.00175,17227,2004年建成,板楼,,
熔盛社区,,120.5728989,32.10346985,5281,2011年建成,板楼,,
如城百花苑,,120.562706,32.39528656,5498,1999年建成,塔楼,,
人民东路40号,,120.8741989,32.01892471,24270,1998年建成,砖楼,,
盛鑫金桥人家,,121.06721,32.0536,8845,2007年建成,板楼,,
天润锦园,,120.84889,32.00772,16764,2010年建成,板楼,,
未来海岸,180,120.58127,32.10145,4580,2012年建成,板楼,,
新市花苑,,121.19615,32.0159,3282,2009年建成,板楼,,
新三园,,121.0897,32.09048,8512,2012年建成,板楼,,
星港湾花园,,121.0029755,31.84549522,7033,,板楼,,
晏园河东老街小区,,120.85063,32.02022,9509,2010年建成,板楼,,
跃龙小苑,,120.86663,31.98437,10953,2005年建成,板楼,,
云樾东方,,120.96146,31.9289,13949,2017/9/1,塔楼,,
中海丁香花园,113,120.86188,32.00232,20426,2014年建成,板塔结合,,
紫薇二村,,121.66909,31.82013,7264,2009年建成,板楼,,
北濠二组团,,120.85839,32.02911,11078,1997年建成,板楼,,
财茂园,,120.85622,32.01188,暂无,2001年建成,板楼,,
朝阳公寓,,121.08036,32.0861,7358,2009年建成,板楼,,
城中花园,,121.07648,32.08662,6408,2000年建成,板楼,,
城南东苑,,120.87103,31.99692,9767,2002年建成,板楼,,
第三街区,,120.8243027,32.04271317,7267,2009年建成,板楼,,
大同新村,,121.16972,31.89585,9461,1999年建成,板楼,,
东郊花园,,120.6399,32.40148,6035,2010年建成,板楼,,
东赵家巷小区,,120.87569,32.02194,12978,1988年建成,板楼,,
郭里园丹桂苑,,120.8720779,32.02544022,16038,1995年建成,板楼,,
皋北新村,,120.5545578,32.40119171,3590,1998年建成,板楼,,
汇峰星巢魅力城,,120.93955,32.01428,8000,2009年建成,板楼,,
海门世纪光华苑,,121.17132,31.88333,11278,2006年建成,板楼,,
海门腾达花园,,121.16018,31.89404,9455,2005年建成,板楼,,
弘运园,,120.84825,32.01446,12139,1996年建成,板楼,,
汇园楼,,120.9266891,31.92231178,7364,1992年建成,板楼,,
江东广场,,120.86192,32.00337,13534,1996年建成,板楼,,
金海国际花园,,120.46848,32.52306,8290,2007年建成,板楼,,
君御豪庭,,120.56886,32.37797,6307,2012年建成,板楼,,
江城国际,240,120.5886154,32.09172821,5441,2013年建成,板塔结合,,
建成丽园,,120.57169,32.27587,4795,,,,
金桥园,,120.84646,32.01944,9940,2001年建成,板楼,,
锦都花苑,,120.85732,32.02908,8377,2002年建成,板楼,,
锦峰大厦住宅,,120.87791,32.00458,25601,2000年建成,板塔结合,,
理想城,,121.20116,31.88272,12995,2012年建成,板塔结合,,
隆兴福里,,120.79367,32.04835,9996,2016年建成,板楼,,
美丽华,,120.85868,32.04434,6584,2008年建成,板塔结合,,
民政新村,,120.8676834,32.00765991,30037,1998年建成,板楼,,
明珠花苑,150,120.76848,32.24658,8986,2012年建成,板楼,,
民主新村,,120.91944,31.93973,8953,1990年建成,板楼,,
起凤园,,120.85825,32.0144,暂无,1990年建成,板楼,,
瑞景新居,,120.79554,32.08965,8041,2012年建成,板楼,,
如意湾,,120.53812,32.44833,3921,2011年建成,板楼,,
尚城,,120.56435,32.28674,9513,2010年建成,板楼,,
首府名邸,,121.06894,32.06305,8921,2008年建成,板楼,,
五一花苑,,121.06674,32.08074,7016,2006年建成,板楼,,
协力园,,120.88359,32.01291,16061,2000年建成,板楼,,
西城花园,,120.54959,32.37397,暂无,2010年建成,板楼,,
兴飞花苑,,120.97235,32.07701,7078,,板楼,,
新城东苑,,120.89059,31.98823,19948,1998年建成,板楼,,
鑫景佳园,,120.93173,31.9243,9120,2004年建成,板楼,,
星辰园,,120.97776,31.90036,7234,2010年建成,板楼,,
远创紫樾台,,120.87022,32.05797,18936,2019/6/30,板楼,,
御林华府,,121.20716,31.88236,暂无,2009年建成,板楼,板塔结合,
运杰・龙馨园,,120.91631,32.02133,17216,2011年建成,板楼,,
银河家园,,121.05189,32.07712,8999,2012年建成,板楼,,
中实・锦绣园,,121.07021,32.03816,8955,,板塔结合,,
安惠濠河国际,,120.8619003,32.01467896,10057,2007年建成,板塔结合,,
博苑豪庭,,121.17605,32.35366,5321,,板楼,,
长江新村,,121.16668,31.89831,8996,2000年建成,板楼,,
城东雅苑,104,121.08456,32.06715,8909,2012年建成,板楼,,
东大俪鑫花苑,,121.07478,32.05256,8397,2009年建成,板楼,,
郭里园紫琅苑,,120.87688,32.02848,12580,1999年建成,板楼,,
郭里园南迁苑,,120.8729172,32.02715302,12330,2000年建成,板楼,,
国华百盛园,,120.48003,32.52549,6989,2012年建成,板楼,,
国际车城,,121.19953,31.87827,5213,2009年建成,板楼,,
华都商业广场,,120.85107,32.04243,暂无,2008年建成,板楼,,
弘博名人世家,,120.45001,32.57536,5924,2015年建成,板楼,,
海门长江新村,,121.16668,31.89831,6573,2000年建成,板楼,,
虹南小区,,121.06878,32.07978,5712,2000年建成,板楼,,
濠滨别业,,120.86849,32.02154,27131,2001年建成,板楼,,
金玉花苑,,121.26836,32.0139,6242,2015年建成,板楼,,
金桥小区,,120.85505,32.00049,12483,1998年建成,板楼,,
景诚中央公园,881,120.55274,32.40132,5243,2015年建成,塔楼,,
金河名人世家,,120.91481,31.9464,26961,2010年建成,板楼,,
金南小区,,121.07994,32.07151,6241,2005年建成,板楼,,
景怡花苑,,121.06863,32.08487,8179,,板楼,,
锦绣花园,,121.17022,31.88728,11680,2006年建成,板楼,,
金水湾鑫园,155,120.91026,31.93322,14498,2016年建成,板楼,,
金石国际大酒店,89,120.89769,31.97396,13426,2011年建成,板塔结合,,
康华苑,,120.7664,32.04591,6039,2010年建成,板楼,,
凯旋花园,,120.85164,32.01399,16385,2001年建成,板楼,,
龙馨家园,232,121.18721,31.8789,19781,2015年建成,板楼,,
绿苑,,120.84066,32.01505,12247,2005年建成,板楼,,
民生小区,,121.20876,31.87832,5866,1998年建成,板楼,,
米兰阳光,,120.64869,32.38906,4513,2010年建成,板楼,,
南山新村,,121.07947,32.08062,8141,2005年建成,板楼,,
南通大厦,,120.86635,32.01796,7078,2003年建成,板楼,,
青海新村,,121.18319,31.8977,8600,2002年建成,板楼,,
上海嘉苑,,120.55768,32.40087,5541,2010年建成,板楼,,
天瑞绿洲,222,120.5526,32.39558,6154,2015年建成,板楼,,
万科YOHO办公,,120.8607178,32.04895783,10000,2014年建成,板楼,,
五港新村,,121.16054,31.88221,13396,2005年建成,板楼,,
万豪花园,,121.6524,31.81713,11996,2008年建成,板楼,,
万科翡翠东第,,120.824533,32.06805,16306,,板塔结合,,
学田新村,,120.8869629,32.01081467,12181,1998年建成,板楼,,
新华园,,120.802,32.05542,6894,2010年建成,板楼,,
幸福世家,,120.84641,32.08296,9651,2014年建成,板楼,,
新华二村,,120.801727,32.055031,6299,2012年建成,板楼,,
星湖城市之星,,121.08327,32.07687,9341,2008年建成,板楼,,
星源佳苑,,121.08036,32.06856,8482,2002年建成,板楼,,
星湖知音,,121.07588,32.06898,7089,,塔楼,,
锡通花苑,,121.01604,31.92621,7452,,板楼,,
新通海花园,,120.8828,32.00199,19530,2001年建成,板楼,,
育贤花园,,120.58007,32.39028,5215,2004年建成,板楼,,
约克小镇,,120.60943,32.39527,5274,2015年建成,砖楼,,
跃龙公寓,,120.86121,32.00873,15832,2005年建成,板楼,,
紫阳新城,,120.83883,32.01459,11361,2009年建成,板楼,,
北岸华庭,,120.82554,32.01098,13342,2007年建成,板楼,,
北山花苑,,121.07727,32.08852,8284,2005年建成,板楼,,
长龙苑,,121.67417,31.81592,6698,2005年建成,板楼,,
都市豪庭,,120.88251,32.01724,19704,2007年建成,板楼,,
东洲新村,,121.66321,31.80609,7470,2005年建成,板楼,,
大唐花苑,,121.08208,32.06716,8639,2008年建成,板楼,,
丰乐苑,,120.56018,32.39119,6235,2001年建成,板楼,,
法官公寓,,120.8801117,32.014431,暂无,2002年建成,板楼,,
国城广场,,120.92997,31.9992,12844,2017年建成,板楼,,
濠东小苑,,120.87337,32.0248,20396,,,,
海天大厦,,120.87185,32.0039,28733,2007年建成,板塔结合,,
海上名门,,121.19599,31.90011,8603,2009年建成,板楼,,
海门东恒盛国际公馆,144,121.18093,31.87351,14716,2013年建成,板楼,板塔结合,
海门中南世纪锦城,144,121.17369,31.87813,17476,2013年建成,塔楼,,
海门锦绣花园,,121.17022,31.88728,11811,2000年建成,板楼,,
海影新村,,121.17856,31.89725,8599,2000年建成,板楼,,
华能大厦住宅,,120.84496,32.00304,9025,1996年建成,板塔结合,,
汇东小区,,121.66898,31.79305,7288,2009年建成,板楼,,
宏庆苑,,120.84708,32.01447,8523,1998年建成,板楼,,
荷兰小镇,816,120.55367,32.3915,7377,2014年建成,板楼,,
华府御庭,89,120.55891,32.37619,6870,2011年建成,板楼,,
汇金苑,,121.06471,32.08235,10582,2010年建成,板楼,,
华威园,,120.86018,32.01814,15501,1996年建成,板楼,,
景瑞御江山,108,121.16636,31.87007,9211,2015年建成,板楼,,
金茂国际,89,120.54999,32.38488,6013,2011年建成,板楼,,
景华金水华庭,89,120.5895,32.10192,4657,2014年建成,板楼,,
江中花园,,120.56273,32.3868,6595,2006年建成,板楼,,
九溪源著,,121.00099,31.83268,11750,,板塔结合,,
解放新村,,120.85887,32.00797,18664,1988年建成,板楼,,
锦绣花苑,,121.08108,32.07383,8108,2009年建成,板楼,,
金欣佳苑,,121.07762,32.03688,7605,2012年建成,板楼,,
锦江苑,,120.85952,32.02879,14100,2005年建成,板楼,,
丽阳花园,,120.80363,32.09456,5675,,板楼,,
绿城・沁园,,120.83028,32.032123,20647,,板塔结合,,
民安花苑,,120.87598,32.04652,9527,2007年建成,板楼,,
明天广场,,121.65039,31.81482,10365,2009年建成,板楼,,
清华苑,,121.6235,31.82297,5667,2009年建成,板楼,,
润友大厦,,120.86214,32.01619,25883,2006年建成,板楼,,
如皋紫竹苑,,120.56642,32.37918,8918,2000年建成,板楼,,
苏东花苑,,120.8591,32.00285,10079,2002年建成,板楼,,
申港城,,121.6355057,31.8200531,7250,2010年建成,板楼,,
水清华庭,,120.57894,32.102,2868,2009年建成,板楼,,
水绘曦园,,120.56617,32.39593,5131,2012年建成,板楼,,
上海路5号,,120.93634,31.91976,9909,2002年建成,板楼,,
唐人新街,,120.84946,32.05337,8168,,板楼,,
通商华富国际广场,310,120.956934,31.932004,8677,2014年建成,板楼,,
通州天地华庭,,121.06923,32.08586,8269,,板楼,,
通州御景园,,121.12762,32.19043,5995,2015年建成,板楼,,
通盛花园,,120.95084,31.90783,6840,2002年建成,板楼,,
万科翡翠公园,,120.9728,31.92876,9217,,板塔结合,,
文定苑,,120.5704,32.38789,9243,2000年建成,板楼,,
鑫城新苑,,120.87406,31.98079,14366,2017年建成,板楼,,
新建花苑,,120.85009,32.00638,9189,2002年建成,板楼,,
新海通花园锦绣苑,,120.87994,32.01288,22515,2002年建成,板楼,,
欣乐鹤城苑,,121.6035614,32.04940033,6829,2014年建成,板塔结合,,
星美城市家园,,120.78083,32.44695,4166,,塔楼,,
新华福里,,120.80938,32.05094,9282,,,,
学林东苑,,121.0881,32.08703,8766,2002年建成,板楼,,
现代生活广场住宅,,120.8518829,32.02905655,12039,2010年建成,板楼,,
月亮湾,,121.16308,31.86986,11258,2002年建成,板楼,,
云起苑,144,121.15354,31.87629,18664,2017年建成,板塔结合,,
银州世纪家园,,121.65873,31.79767,7215,2007年建成,板楼,板塔结合,
亚特香榭水岸,,121.64353,31.8075,7898,2007年建成,板楼,,
育贤花苑,,120.56738,32.29081,3846,,板楼,,
跃龙路91号,,120.85865,32.01137,12921,2006年建成,板楼,,
怡景新居,,120.79561,32.09341,8697,2014年建成,板楼,,
姚港路机关宿舍,,120.8570938,32.00613785,12967,1996年建成,板楼,,
紫琅新村,,120.88767,31.96124,12274,1998年建成,板楼,,
中高公寓,,120.84572,32.01511,15588,2008年建成,板楼,,
中央景城,,120.56534,32.37867,6803,2011年建成,板楼,,
知行学府,,120.84274,32.15757,5960,,,,
爱法山水国际,120,120.4536,32.5145,5203,2014年建成,板楼,,
碧桂园・御湖半岛,,121.0991,32.06123,7724,2018年建成,板楼,,
北郭新村,,120.8762,32.02202,21948,1998年建成,板楼,,
板桥新村,,120.887563,32.022909,5790,1990年建成,板楼,,
城东花园,,121.67742,31.78963,8602,2006年建成,板楼,,
城北新村,,121.16814,31.90191,11327,2000年建成,板楼,,
财富广场,,121.19322,31.89324,6284,2011年建成,板塔结合,,
车城公寓,,121.63151,31.82256,6169,2005年建成,板楼,,
彩臣三村,,121.67272,31.80053,7063,2005年建成,板楼,,
长龙一村,,121.6758209,31.82220835,暂无,2009年建成,板楼,,
城市花园,,120.55307,32.3776,7013,1998年建成,板楼,,
东风苑,,120.5499725,32.39023972,5732,2000年建成,板楼,,
东翔花苑,,120.97451,32.07632,5668,2005年建成,板楼,,
东方雅苑,,120.88265,32.02023,11982,,板楼,,
富丽花园,,120.8479,32.02234,13906,2002年建成,板楼,,
丰泽园,,121.0792,32.0831,6648,,板楼,,
复三新村,,121.17009,31.89865,7465,,板楼,,
富民花苑,,120.93584,31.91875,8637,2002年建成,板楼,,
富安新居,,120.93292,31.92198,6922,2008年建成,板楼,,
港汇国际广场,,121.1772,32.29536,5404,2010年建成,板楼,,
光华水韵,,120.55434,32.3957,4791,2009年建成,板楼,,
濠东路51号,,120.8711243,32.02560043,11282,1995年建成,板楼,,
华辰大厦住宅,,120.8839264,32.00648499,11681,2007年建成,板楼,,
濠西花园,,120.8571,32.01999,12592,2005年建成,板楼,,
海天国际,,120.46662,32.54773,11485,2013年建成,板楼,,
海洲新城,,120.45196,32.52415,6067,,板楼,,
华盛沁园,,120.44624,32.53136,5440,,板楼,,
恒源新村,,120.47417,32.54897,5702,2017年建成,塔楼,,
海门博士花园,,121.17064,31.88915,暂无,2009年建成,板楼,,
海门荣盛花园,,121.208585,31.901398,8149,2003年建成,板楼,,
汇金原香花园,,121.63906,31.81659,8127,2010年建成,板楼,,
花港新村,,120.5738,32.38596,6113,2000年建成,板楼,,
惠浦新世纪,,120.76673,32.24249,5523,,,,
华宏国际,,120.85594,32.00874,4528,2007年建成,板楼,,
濠河名邸,,120.86068,32.00905,26092,2000年建成,板楼,,
华德天赐园,,121.07097,32.08962,6462,2002年建成,板楼,,
华雅苑,,120.88341,31.99918,9410,1998年建成,板楼,,
静海新村,,121.1716,31.88657,10983,2002年建成,板楼,,
节制闸新村,,120.83454,32.01948,11409,1980年建成,板楼,,
锦绣华庭,,121.66543,31.79774,5392,2008年建成,板楼,,
景都小区,,121.65409,31.82055,9745,2008年建成,板楼,,
建都新村,,121.65548,31.80898,7759,2002年建成,板楼,,
金才花园,,120.60105,32.29721,5908,,板楼,,
金水湾大花园,,120.90924,31.93109,6048,2013年建成,板楼,,
佳利秀水公寓,,120.85563,32.01041,16586,2006年建成,板楼,,
金桥东苑,,121.07375,32.05418,5630,2008年建成,板楼,,
开来华府,,121.65119,31.81101,24750,2011年建成,板楼,板塔结合,
丽茵嘉园,,120.86197,32.00008,13029,2002年建成,板楼,,
绿茵河畔,,121.21165,31.89987,5456,2000年建成,板楼,,
丽泰花园,,120.80405,32.08672,9873,2014年建成,板楼,,
龙新家园,,120.58549,32.38493,4310,2008年建成,板楼,,
绿润名都,6,120.57667,32.39583,7071,2012年建成,板楼,,
龙栖湾国际花园,,120.56761,32.28849,6419,2014年建成,板楼,,
梅花小苑,,120.86631,31.99665,10957,2001年建成,板楼,,
名居花苑,,121.19134,32.32997,5756,2014年建成,板楼,,
南凌育贤花苑,,120.62003,32.44244,3549,2015年建成,板楼,,
浦瑞小区,,121.19978,31.87046,5823,2003年建成,板楼,,
普庆苑,,120.56076,32.40091,3217,2000年建成,板楼,,
盆架桥花苑,,121.09104,32.05138,7505,2010年建成,板楼,,
秦灶新村,,120.86982,32.04826,4965,1990年建成,板楼,,
启东城南新村,,121.65338,31.80105,7113,2000年建成,板楼,,
前景花苑,,120.89028,31.98785,14566,2005年建成,板楼,,
瑞安名邸,,120.87018,32.00197,15465,2007年建成,板楼,,
如意紫都,,120.45868,32.53761,7901,,板楼,,
润福花园,,121.66272,31.82462,9560,2009年建成,板楼,,
如皋世纪光华苑,,120.557457,32.37711334,8016,2008年建成,板楼,,
如皋阳光花苑,,120.5618,32.38373,5363,2000年建成,板楼,,
狮山新村,,121.17269,31.89885,9728,,板楼,,
水韵名居,,121.19226,32.33329,6642,2013年建成,板楼,,
书香华庭,,120.74653,32.08995,7819,2011年建成,板楼,,
舒凯花苑,,120.94324,31.91583,8577,2009年建成,板楼,,
团结新村,,121.66018,31.80288,6815,2010年建成,板楼,,
天平公寓,,120.5506897,32.38528824,4727,1997年建成,板楼,,
同顺居,,120.9388733,31.91923714,8904,,板楼,,
万象新路小区,,120.8555222,32.01761246,9548,1976年建成,板楼,,
威斯汀酒店式公寓,,120.55155,32.38766,11100,2007年建成,板楼,,
文峰财富广场,,121.18461,32.31146,68332,2008年建成,板塔结合,,
万达花苑,,121.07686,32.06961,8117,1998年建成,板楼,,
王府公寓,,120.8721237,32.01792145,12692,2004年建成,板塔结合,,
文亮小苑,,120.88806,32.02707,19248,2016年建成,板楼,,
文峰干休所,,114.36659,36.09505,21396,1996年建成,板楼,,
秀水苑,,120.56128,32.3883,5758,2004年建成,板楼,,
秀景名豪,,120.41073,32.16604,3681,2011年建成,,,
星港湾,,121.0029755,31.84549522,7101,2009年建成,板楼,,
西工房,,120.80364,32.06255,8299,1996年建成,板楼,,
兴隆花苑,,120.94321,32.06164,7964,,板楼,,
兴发花苑,,120.94903,32.06443,6931,,板楼,,
新怡花苑,,121.07416,32.07371,7397,1995年建成,塔楼,,
鑫乾国际,,120.88501,31.9882,11589,2009年建成,板塔结合,,
永泓花园,,121.20445,31.88207,6397,2009年建成,板楼,,
御庭尚城,,121.18959,31.88448,11248,,板楼,,
颐园新村,,120.56157,32.39315,6169,2009年建成,板楼,,
迎春花园,,120.57279,32.39179,7615,2005年建成,板楼,,
中房汇达广场,4,120.82611,32.02776,11472,2013年建成,板楼,,
职工新村,,121.655,31.80643,6466,1996年建成,板楼,,
紫薇三村,,121.66501,31.82026,10285,2010年建成,板楼,,
中央广场,112,121.19394,32.31497,6519,2011年建成,板楼,,
中天润园,,121.17742,32.32108,4492,2012年建成,板楼,,
朱家园,,120.8609238,32.00856018,19711,1995年建成,板楼,,
中南君悦府,,121.09752,32.05474,12656,,板楼,,
82号大院,,120.8535,32.019012,14701,1996年建成,板楼,,
奥华国际装饰城,,120.48102,32.5479,8677,2009年建成,板楼,,
碧桂园・龙游湖,10,120.60901,32.34446,9408,,板塔结合,,
北兴园,,120.8773474,32.0464946,10002,1989年建成,板楼,,
百昌晏园,,120.86901,32.01935,暂无,2001年建成,板楼,,
百岁苑,,120.5637985,32.38969323,5500,2006年建成,板楼,,
宝龙街雅苑,,120.97253,32.21018,5724,,板楼,,
北濠顺遂楼,,120.86705,32.02648,10545,2000年建成,板楼,,
陈桥华景新居,,120.79634,32.09505,8952,2014年建成,板楼,,
城南一村,,120.864188,32.001189,14548,1994年建成,板楼,,
厂南新村,,121.25269,31.8881,2101,1996年建成,板楼,,
彩臣二村,,121.66919,31.80267,暂无,2000年建成,板楼,,
长龙三村,,121.66635,31.82311,暂无,2008年建成,板楼,,
城市花苑,,121.0764236,32.08755493,8877,1999年建成,板楼,,
长新花园,,120.96203,31.90776,6485,2000年建成,板楼,,
段家坝花苑,,120.871048,32.00027466,11761,2004年建成,板楼,,
丹凤花苑,,120.4497416,32.56082108,5762,,板楼,,
东城国际,,120.48271,32.56587,3704,2013年建成,板楼,,
丹凤小区,,120.45195,32.55767,6138,,板楼,,
东恒盛国际华府,,121.16809,31.86972,8287,2015年建成,板楼,,
东方维也纳,,121.66975,31.805,7023,2010年建成,板楼,,
东珠新村,,121.66,31.80678,8946,1998年建成,板楼,,
东皋新村,,120.57425,32.38958,3653,1995年建成,板楼,,
东方花园,,120.58421,32.39522,4660,2011年建成,板楼,,
丹桂园,,120.55954,32.37851,7096,2011年建成,板楼,,
大达花苑,,120.76625,32.04808,4709,2017年建成,板楼,,
段家坝路138号,,120.87379,31.99589,5771,1990年建成,板楼,,
凤凰华庭,,120.48173,32.5267,7973,2008年建成,板楼,,
富江一品,,121.15,31.89778,10191,2004年建成,板楼,,
贵都之星,,121.18303,31.89628,11432,2010年建成,板塔结合,,
光明路小区,,121.1145554,31.92841911,9097,2000年建成,板楼,,
和睦小区,,120.87988,32.02919,24089,2006年建成,板楼,,
海洲花园,,120.45398,32.54889,5816,2010年建成,板楼,,
华府天地,,120.45488,32.53298,7517,2013年建成,板楼,,
海悦国际,,121.1586685,31.88960075,暂无,2014年建成,塔楼,,
华中园,,120.84977,32.00515,11182,2002年建成,板楼,,
汇东新村,,121.66403,31.79522,6880,2000年建成,板楼,,
和平一村,,121.6581,31.81478,17064,2000年建成,板楼,,
和鑫新村,,121.65654,31.82017,6813,2000年建成,板楼,,
海北新村,,120.564265,32.399675,4566,2009年建成,板楼,,
宏坝小区,,120.5811996,32.38755417,5980,2000年建成,板楼,,
惠政新村,,120.5665817,32.3689003,4546,2000年建成,板楼,,
惠隆苑,,120.5712738,32.38144302,8185,2005年建成,板楼,,
汇智湖,,121.606655,31.199924,6752,2013年建成,板楼,,
孩儿巷北路,,120.847704,32.02206501,11691,2000年建成,板楼,,
花行桥新村,,121.08107,32.08901,6655,2006年建成,板楼,,
虹丰花苑,,121.068805,32.084079,5981,2002年建成,板楼,,
翰林御花园,,121.05521,32.08041,7078,2015年建成,塔楼,,
金恒家园,,120.85116,32.01607,9484,2002年建成,板楼,,
金地国际,,120.93725,31.99541,12379,2015年建成,板楼,,
吉祥水岸,,120.45639,32.53631,5764,,板楼,,
江海清水园,,120.4788,32.54472,5486,2014年建成,板楼,,
金水湾公馆,,120.46292,32.51679,7731,2011年建成,板楼,,
金盛花苑,,120.49098,32.53251,6719,2006年建成,板楼,,
江城逸品,216,121.17915,31.87731,14595,2015年建成,板楼,,
金恒花苑,,121.6737,31.80828,7239,2009年建成,板楼,,
景秀天城,,121.63925,31.80953,7451,2011年建成,板楼,,
金顺凤凰城,,121.18981,32.33145,4494,2010年建成,板楼,,
金色家园,,121.1968,32.31176,5851,2012年建成,板楼,,
锦绣苑,,120.56455,32.38944,8240,2001年建成,板楼,,
景盛家园,,120.54598,32.39675,5043,,板楼,,
建设小区,,120.60415,32.35185,4615,,板楼,,
金城大厦,,121.07735,32.07626,8139,2002年建成,板楼,,
佳乐花苑,,121.07069,32.08775,7989,2000年建成,板楼,,
金苑公寓,,121.084,32.08101,6233,2004年建成,板楼,,
金桥南苑,,121.06581,32.05277,6998,2009年建成,板楼,,
金鑫公寓,,121.07324,32.07576,8028,2013年建成,板楼,,
金泰花园,,121.08753,32.0372,3366,,板楼,,
嘉上苑,,121.05321,32.17091,5096,2017年建成,塔楼,,
金飞达新都,,120.881879,32.02684842,19730,2009年建成,板楼,,
凯洪家园,,121.6316,31.82515,13771,1998年建成,板楼,,
克明花园,,121.68628,31.81232,4021,2011年建成,板楼,,
昆仑花苑,,121.17835,32.29595,5670,2006年建成,板楼,,
凯盈轩,,120.56475,32.28398,5430,,板楼,,
龙豪国际花园,,121.62882,31.82291,6131,2011年建成,板楼,,
丽泽华庭,,120.57487,32.39267,5986,2008年建成,板楼,,
陆桥苑,,120.5576172,32.38949966,6565,2000年建成,板楼,,
陵园新村,,121.08421,32.08805,8139,2000年建成,板楼,,
民生阳光新城,,121.18559,32.29978,5274,2006年建成,板楼,,
南海新村,,121.17816,31.88156,12616,2005年建成,板楼,,
南大街64号,,120.8662796,32.01412201,31909,1998年建成,板楼,,
南苑新村,,121.65707,31.80171,15205,2008年建成,板楼,,
鹏程国际花园,,120.50926,32.6132,4951,2015年建成,板楼,,
蒲行苑,,120.55837,32.38791,5478,2000年建成,板楼,,
七星国际城,,120.49643,32.53316,暂无,2011年建成,板楼,,
启东城东花园,,121.67742,31.78963,4810,2013年建成,板楼,,
启东东方花园,,121.69038,31.79522,8508,2010年建成,板楼,,
润洋中大街小区,,120.4586105,32.54640198,6682,2008年建成,板楼,,
瑞海家园,,120.45073,32.54291,7530,2008年建成,板楼,,
儒学楼,,120.8678741,32.01906967,21521,1999年建成,板楼,,
如东碧桂园,303,121.18968,32.34074,7511,2017年建成,板楼,,
如皋东景国际,,120.6094873,32.39569281,3884,2008年建成,板楼,,
盛荟,134,120.8680831,32.0032506,21814,2012年建成,板楼,,
三八新村小区,,121.659149,31.800108,6914,,板楼,,
苏建新村,,120.47129,32.53565,6336,,板楼,,
盛华豪庭,,121.20516,31.87968,8705,2012年建成,板楼,,
上悦城,,121.0515051,32.08019428,7570,,板塔结合,,
尚东国际,,120.90721,32.02378,5376,2005年建成,板楼,,
上成天逸,,121.17865,32.33658,5216,2013年建成,板楼,,
树人小区,,121.1774368,32.29657745,4491,1999年建成,板楼,,
申港豪园,,120.55504,32.37171,6679,2008年建成,板楼,,
四方花园,,121.07574,32.08029,10362,,板楼,,
山港桥花苑,,120.93127,32.00577,9007,2000年建成,板楼,,
上海路九号,,120.9327316,31.9211731,9616,2005年建成,板楼,,
桐墅湾三号,104,120.8821716,32.01924896,21535,2012年建成,板楼,,
天翔公寓,,120.87245,32.00111,20989,2006年建成,板楼,,
泰宁市场,,120.47726,32.53531,8443,1996年建成,板楼,,
天健花苑,,120.44298,32.52327,6712,2013年建成,板楼,,
同业苑,,121.18799,32.29868,4494,2010年建成,板楼,,
唐闸西公房,,120.80463,32.06473,3583,1998年建成,板楼,,
通州星源城,,121.08083,32.05438,8093,2010年建成,板楼,,
通刘花园,240,120.84064,32.16316,7445,2014年建成,板楼,,
天富楼,,120.9320602,31.91735458,9703,2000年建成,板楼,,
炜赋锦绣花园,,120.47424,32.55156,6817,,板楼,,
五一职工苑,,120.8336,32.00769,6187,2001年建成,板楼,,
文汇新村,,121.65681,31.81876,17388,2010年建成,板楼,,
文馨花苑,,120.57188,32.28078,4654,2009年建成,板楼,,
望山公馆,25,120.9132004,31.94185829,9974,2012年建成,板楼,板塔结合,
物资新村,,120.77747,32.30432,6071,1998年建成,板楼,,
文峰怡景苑,,120.8782,32.01066,31564,2003年建成,板楼,,
鑫乾大厦,,120.88059,32.02764,6453,2000年建成,板楼,,
新桥干休所,,120.469322,32.527702,9352,2002年建成,板楼,,
学田炜赋园,,120.88486,32.00871,12686,2000年建成,板楼,,
新景苑,,120.8846,32.01316,11175,2009年建成,板楼,,
学田大吉苑,,120.8833008,32.01758957,13639,2003年建成,板楼,,
星湖天地,,120.50603,32.53027,18334,2016年建成,板楼,,
秀山新村,,121.17592,31.88559,8602,2006年建成,板楼,,
新胜新村,,120.8379605,32.00326653,7143,1990年建成,板楼,,
小海新村,,120.11892,33.38821,12424,2015年建成,板楼,,
香格花园,,121.6766,31.81028,7403,2010年建成,板楼,,
幸福一村,,121.66905,31.81079,6804,2005年建成,板楼,,
学华新村,,121.68353,31.81138,6858,2002年建成,板楼,,
西欧龙城,,121.67448,31.80357,7787,2013年建成,板楼,,
幸福二村,,121.66407,31.81349,10279,1998年建成,板楼,,
新都国际,,120.57233,32.37957,6486,2014年建成,塔楼,板塔结合,
学府雅居,,120.88673,31.97125,6350,2010年建成,板塔结合,,
学府西苑,,120.58099,32.38789,5939,,板楼,,
幸福家苑,,120.84139,32.06946,4555,,板楼,,
星源名居,,121.08116,32.08283,7695,2007年建成,板楼,,
香槟美墅,,120.97514,32.00239,8362,2010年建成,板楼,,
杏林新村,,121.07386,32.08946,7763,,板楼,,
星河家园,,121.00639,31.92037,8199,,板楼,,
鑫祥公寓,,120.88551,32.00258,22539,2004年建成,板楼,,
怡景湾,,120.44534,32.51462,7166,2015年建成,板楼,,
银州长龙二村,,121.66954,31.82429,12342,2008年建成,板楼,,
永安广场,,121.65461,31.81017,暂无,2010年建成,板塔结合,,
源兴花苑,,120.91794,31.95485,4504,2012年建成,板楼,,
银洋河公寓,,121.00481,31.92766,4556,2012年建成,板楼,,
颐和苑,,121.06203,32.07666,7316,2005年建成,板楼,,
宜和花苑,,120.75833,32.10298,7132,,板楼,,
阳光府邸,,121.07658,32.0586,12506,2004年建成,板楼,,
晏园南岸,,120.85641,32.03393,27199,2007年建成,板楼,,
源泰苑,,120.8849335,32.00061417,11317,2005年建成,板楼,,
中洋现代城,,120.4543,32.53553,7635,2010年建成,板楼,,
中南锦苑,144,121.18937,31.87382,9841,2015年建成,板塔结合,,
中华园小区,,120.96978,31.35206,5504,,板楼,,
钟楼新村,,121.24816,31.89015,7576,1984年建成,板楼,,
紫薇花苑,,121.68004,31.81306,12340,2005年建成,板楼,,
紫薇一村,,121.67602,31.81564,6802,2008年建成,板楼,,
紫光嘉苑,,120.599617,32.37789536,3905,2013年建成,板楼,,
中谨世纪城,,121.06964,32.05832,8637,2007年建成,板楼,,
7星首府,150,120.49378,32.53459,6878,2013年建成,板楼,,
安达步行街小区,,120.4651642,32.54285431,7638,2010年建成,板楼,,
安居苑,,120.46977,32.52637,7023,,板楼,,
安东小区,,121.68403,31.81314,8612,2003年建成,板楼,,
爱民小区,,121.17777,32.31887,4975,2006年建成,板楼,,
北阁北村,,120.8768692,32.02084351,19999,1989年建成,板楼,,
北京壹号公馆,,121.16066,31.87002,13298,2013年建成,板楼,,
滨江华都,,121.11099,31.81177,6640,,板楼,,
滨江国际新天地,,121.1148453,31.81124306,9939,,板楼,,
百昌公寓,,120.8518524,32.00406647,9025,2006年建成,板楼,,
铂金时代,,121.0697838,32.05434939,11487,,板塔结合,,
宝岛花园,,121.65586,31.80322,15731,2004年建成,板楼,,
北辰公寓,,121.67666,31.82929,10296,,板楼,,
北明霞,,121.1437912,32.3123703,5846,2005年建成,板楼,,
北阁东村,,120.8796539,32.02230072,19915,1996年建成,板楼,,
板桥南村东,,120.8878,32.01914,25567,1995年建成,砖楼,,
八一花园,,120.93721,32.00777,9125,,板楼,,
长江一号,,120.822669,32.035256,9316,2008年建成,板楼,,
晨朗东方花园,,120.48952,32.52968,8034,,板楼,,
翠湖天地,,121.15147,31.87303,17394,2011年建成,板楼,,
彩臣南村,,121.67138,31.79763,15200,2002年建成,板楼,,
昌河时代,,121.1890604,32.30766357,7696,,,,
城建嘉园,,120.56319,32.37835,6844,2011年建成,板楼,,
川港大东花苑,,121.06171,31.92688,4084,2009年建成,板楼,,
崇州府,,120.91377,31.94599,25757,,板塔结合,,
东大楼,,120.8753891,32.00123978,14689,1998年建成,板楼,,
东湖家园,,120.4960057,32.53708255,6839,,板楼,,
东风新村,,121.18313,31.89309,8598,1996年建成,板楼,,
地纬东洲半岛,144,121.18324,31.90531,12590,2015年建成,板楼,,
东方巴黎公寓,,121.19724,31.89763,12727,2008年建成,板楼,,
东江嘉园,,121.19241,31.87815,11097,,板楼,,
德庆名邸,,121.06467,32.07847,11058,,板楼,,
大学生公寓,,120.89554,32.00588,15556,1996年建成,板楼,,
东辰公寓,,121.67481,31.80225,15199,2000年建成,板楼,,
东疆花园,,121.64104,31.79507,6764,2011年建成,板楼,,
东郊花苑,,121.68444,31.7984,15207,2011年建成,板楼,,
东方明珠商业广场,,121.66008,31.80966,6920,2007年建成,板楼,,
大唐佳苑,,121.64995,31.82147,8073,2010年建成,板楼,,
东邦公寓,,121.6657,31.81956,8079,,板楼,,
大长江公寓,,121.67396,31.81372,9264,2005年建成,板楼,,
东大公寓,,121.17772,32.29331,6682,1997年建成,板楼,,
大明国际公寓,,121.18159,32.30118,4494,2012年建成,板楼,,
东景豪庭,,120.57547,32.39395,6247,2008年建成,板楼,,
邓园小区,,120.53073,32.38968,5215,2010年建成,板楼,,
德福园,,120.5732305,32.28332657,5430,,板楼,,
大唐碧华苑,,121.06832,32.0694,10295,2008年建成,板楼,,
帝奥生活广场,,121.07605,32.08736,8882,2009年建成,板塔结合,,
戴斯酒店上海公馆,,120.9290314,31.92224693,暂无,2013年建成,板塔结合,,
大东公寓,,121.00583,31.9298,6193,2009年建成,板楼,,
富源新村,,121.63544,31.82604,7598,1998年建成,板楼,,
富源花园,,121.63993,31.82665,10285,2009年建成,板楼,,
纺工新村,,121.65417,31.81283,10280,2000年建成,板楼,,
福星新村,,120.55526,32.38593,暂无,2000年建成,板楼,,
丰锦苑,,120.54737,32.37936,6844,,板楼,,
富江大厦,,121.0455933,31.99136734,7737,2008年建成,板楼,,
富贵苑,,121.0636,32.07865,7954,,板楼,,
富春园,,120.9297943,31.92749786,12596,1996年建成,板楼,,
郭里园天鑫苑,,120.87798,32.0307,12084,2000年建成,板楼,,
工农路28号,,120.88388,32.00056,27578,2002年建成,板楼,,
贵都华庭,,120.46781,32.52927,7490,2010年建成,板楼,,
贵都瑞城,,120.46862,32.52829,7061,,板楼,,
公园新村,,121.17912,31.89396,11598,1998年建成,板楼,,
供电小区,,121.6495,31.81306,10280,2000年建成,板楼,,
光华苑,,121.17132,31.88333,5862,,板楼,,
国际商城,,121.0734867,32.08147576,7325,2003年建成,板楼,,
国际贸易中心,,120.90031,31.97568,19723,2010年建成,板塔结合,,
华能新村,,120.7691,32.0339,5825,,板楼,,
恒天新世界,,120.46551,32.54341,7787,2010年建成,板楼,,
海安都市豪庭,,120.46406,32.52805,7107,,板楼,,
海州阳光城,,120.45195,32.52636,6880,,板楼,,
恒泰花园,,120.8734665,32.00783157,19717,2004年建成,板楼,,
宏日阳光水岸,,121.1743873,31.90212137,暂无,2007年建成,板楼,,
海德花园,,121.18255,31.88149,8604,2010年建成,板楼,,
海门富民新村,,121.17703,31.89969,11958,1998年建成,板楼,,
海兴新村,,121.15762,31.89293,12143,1998年建成,板楼,,
海西花苑,,121.15762,31.90141,10698,2009年建成,砖楼,,
海盈花苑,,121.18499,31.88754,9715,2013年建成,板楼,,
恒丰花园,,121.20723,31.88418,12262,2014年建成,板楼,,
海景小区,,121.1814,31.88837,8601,2004年建成,板楼,,
和谐小区,,120.83152,32.00805,10878,2008年建成,板楼,,
骅东名仕豪庭,,121.65363,31.81354,8217,2007年建成,板楼,,
汇友新村,,121.65255,31.80728,15200,2001年建成,板楼,,
河南中路829号,,121.65089,31.80853,8217,2005年建成,板楼,,
华联新村,,121.65491,31.81347,10285,2010年建成,板楼,,
华康大厦,,121.66003,31.81142,17068,2005年建成,板塔结合,,
好家园,,121.63394,31.81164,14363,,板楼,,
韩华和家园,,121.63309,31.81673,6827,,板楼,,
海洪新村,,121.62335,31.82687,7728,2009年建成,板楼,,
豪门广场,,121.65713,31.81097,7795,,板楼,,
汇通公寓,,120.89204,32.05124,12966,,板楼,,
鸿升公寓,,120.84032,32.00874,9025,2005年建成,板楼,,
华荣上海城,,121.18496,32.3141,5248,2010年建成,板楼,,
海花新城,,121.18478,32.30584,5702,2011年建成,板楼,,
花苑小区,,121.19184,32.32484,4535,,板楼,,
海洲大厦,,121.18038,32.30184,暂无,,板塔结合,,
海港新城,,120.5736618,32.10424423,19239,2009年建成,板楼,,
华府名庭,,120.56748,32.38301,6478,2006年建成,板楼,,
绘园新村,,120.56416,32.39576,5054,2008年建成,板楼,,
花苑新村,,120.54812,32.38435,5387,2009年建成,板楼,,
海宁苑,,120.5663681,32.37865559,6759,2013年建成,板楼,,
和谐家园,,120.59232,32.38035,4955,2009年建成,板楼,,
海阳星苑,,120.59703,32.29408,1623,,板楼,,
华典豪庭,,120.48743,32.35989,4603,,板楼,,
汇金名邸,,120.55646,32.38211,7121,2016年建成,板楼,,
惠蒲新世纪,,120.76673,32.24249,5788,,,,
濠河名府,,120.86129,32.00498,暂无,2012年建成,板楼,,
汇富广场,107,120.84634,32.0161,13999,2014年建成,板楼,,
辉煌佳苑,,121.08297,32.0813,7691,1997年建成,板楼,,
花园新村,,120.96275,31.98902,3695,,板楼,,
豪盛花苑,,120.75955,32.10438,7122,,板楼,,
汇隆新城,,120.85971,32.03087,21586,2002年建成,板楼,,
恒成楼,,120.87605,32.03289,16898,1996年建成,板楼,,
金海安公寓,,120.4833298,32.53779984,6445,2010年建成,板塔结合,,
嘉禾星城,,120.48338,32.53065,7974,2010年建成,板楼,,
锦绣前城,,120.4454,32.52467,6710,2009年建成,板楼,,
机关南小区,,120.4721,32.526,7023,,板塔结合,,
嘉麟花园,,120.47677,32.52973,7770,,板楼,,
江海雅居,,120.43591,32.52681,6038,,板楼,,
嘉陵江小区,,121.1926651,31.87054825,9389,1998年建成,板楼,,
金三角花园,,121.19027,31.89372,8600,2002年建成,板楼,,
嘉源花苑,,121.18899,31.90234,14602,,板楼,,
嘉南花苑,,121.19225,31.87362,14126,2014年建成,塔楼,,
江海中路小区,,121.66324,31.8159,7636,2012年建成,板楼,,
金地繁茂里,,121.0656314,32.08636825,0,,板楼,,
聚贤公寓,,120.87744,31.96725,11588,2015年建成,板楼,,
景源华庭,,121.6822,31.81404,8773,2010年建成,板楼,,
金汇苑,,121.6804581,31.82065201,8738,2009年建成,板楼,,
锦绣华城,,121.1960907,32.31758881,6628,,板楼,,
锦绣家园,,121.62933,31.80404,5124,2010年建成,板楼,,
江建名人城,,120.55601,32.37845,7446,2006年建成,板楼,,
健康西村,,120.5634539,32.38209183,8018,1984年建成,板楼,,
金鹰花苑,,120.55126,32.38704,5830,2004年建成,板楼,,
健康花苑,,120.56619,32.38405,7259,2005年建成,板楼,,
君悦尚城,,120.7681735,32.23992821,5788,,,,
节制闸东路14号,,120.8369904,32.02479172,16097,1998年建成,板楼,,
金点小区,,121.06711,32.08238,7314,2001年建成,板楼,,
金丰苑,,121.06898,32.0739,8223,2000年建成,板楼,,
金都华庭,,121.0718,32.08712,10014,,板楼,,
金鳌坊,,120.86063,32.02492,21597,2012年建成,板楼,,
康锦花苑,,120.56404,32.40369,7413,2002年建成,板楼,,
隆盛花园,,120.8882599,32.01277924,15564,2006年建成,板楼,,
隆兴小区,,120.7911,32.04546,9951,1998年建成,板楼,,
丽晶广场,,120.48253,32.53686,8448,2008年建成,板楼,,
兰亭苑,,120.45075,32.53608,7635,2010年建成,板楼,,
丽都嘉园,,120.47381,32.52772,7488,2005年建成,板楼,,
绿岛江湾城,,121.4239575,31.78253995,8848,2015年建成,板楼,,
立新小区,,121.09626,31.82088,9898,,板楼,,
荔园,,121.19559,31.89129,9878,,板楼,,
梨园路,,121.174195,31.89257501,8598,1998年建成,塔楼,,
绿城西子湖畔居,,121.1702,32.32306,6820,2012年建成,板楼,,
丽景园,,120.55821,32.39898,5564,2010年建成,板楼,,
龙游阁,,120.57083,32.28908,4082,,板楼,,
龙宫・领域,,121.07708,32.08293,7317,2009年建成,板楼,,
鲁班大厦,,121.07344,32.08793,7085,1998年建成,板楼,板塔结合,
利澳公寓,,120.89469,31.97118,9787,2010年建成,板塔结合,,
明珠城,,120.4622,32.53653,7635,2008年建成,板楼,,
岷海小区,,121.1589584,31.88122749,暂无,2013年建成,板塔结合,,
民乐巷,,121.66311,31.81156,6830,2010年建成,板楼,,
民乐一村,,121.67021,31.80609,15205,2008年建成,板楼,,
名都苑,,121.66593,31.80829,暂无,2003年建成,板楼,,
民乐新村,,121.6739166,31.80514017,8314,1996年建成,板楼,,
名都公寓,,120.86626,32.01021,5702,2012年建成,板楼,,
美伦堡,,120.56062,32.38112,5230,2006年建成,板楼,,
名成花园,,120.56358,32.28545,5423,2011年建成,板楼,,
明昊和府,,120.57519,32.40613,7785,,,,
明富佳苑,,121.08477,32.08078,6226,,板楼,,
南大街528号,,120.565784,32.376189,13214,1992年建成,板楼,,
南润花苑,,121.63779,31.81503,10282,2005年建成,板楼,,
南苑三村,,121.66379,31.79869,15207,2011年建成,板楼,,
南景园,,120.56956,32.38498,4986,,板楼,,
南通金南翼,,120.9443436,31.92317963,7955,,板楼,,
南方大厦,,120.8794,32.03289,19564,2012年建成,板塔结合,,
浦民小区,,121.19645,31.87105,暂无,,板楼,,
浦江小区,,121.20434,31.87589,14046,,板楼,,
浦江南苑,,121.20586,31.87396,11886,2008年建成,板楼,,
七星首府,,120.49378,32.53459,6682,2016年建成,板塔结合,,
青海新世纪苑,,121.18202,31.89772,8164,,板楼,,
启东滨江花苑,,121.64833,31.81086,10283,2006年建成,板楼,,
启东金水苑,,121.6468,31.81372,10283,2006年建成,板楼,,
启东城市花苑,,121.66745,31.80732,15200,2001年建成,板楼,,
青馨园,,121.70443,31.87302,暂无,,,,
七彩豪庭,,120.85352,32.01036,9996,2007年建成,板楼,,
浅水湾城市花园,,121.17355,32.32232,6808,2012年建成,板楼,,
青园新村,,121.18218,32.30568,6789,1998年建成,板楼,,
浅水湾阳光水岸,,121.17798,32.32318,4494,2012年建成,板楼,,
庆余新村,,120.5500412,32.39557648,5569,2002年建成,板楼,,
青年园,,120.8599396,32.00664902,22067,1999年建成,板楼,,
沁园花苑,,121.0770721,32.07227707,8032,2003年建成,板楼,,
秦家埭新村,,120.97061,31.99704,7717,,板楼,,
瑞景商贸广场,,120.88053,32.02182,21531,2008年建成,板楼,,
润春园,,120.82206,32.04975,12092,,板楼,,
润居竹苑,,120.44476,32.54579,6785,,板楼,,
蓉塘花苑,,120.59567,32.52885,9371,2015年建成,板楼,,
日新小区,,121.17793,31.87526,13838,2008年建成,板楼,,
荣欣新村,,121.14342,31.88269,7671,2009年建成,板楼,,
润福智慧谷,,121.6617353,31.82613961,9691,,板楼,,
日晖小区,,121.18527,32.30382,6789,2000年建成,板楼,,
荣生豪景花苑,,121.19535,32.31035,4493,2005年建成,板楼,,
如东虹桥新村,,121.13945,32.30285,6322,,板楼,,
人民西路28号,,120.8469009,32.01664734,42241,1998年建成,板楼,,
瑞富大厦,,120.8623123,32.00682449,8518,2004年建成,板塔结合,,
瑞和新天地,,120.88553,31.96801,21651,,板楼,,
人民路82号,,121.0771,32.0877,24911,1992年建成,砖楼,,
盛唐君廷,,120.8492966,32.05321884,20361,2014年建成,板楼,,
曙光佳苑,,120.81884,32.022267,5587,2013年建成,板楼,,
时代都会,,120.937037,31.992972,19156,,板塔结合,,
狮山华庭,,121.17441,31.90558,12087,2013年建成,板楼,,
十方大厦住宅,,120.86817,32.00821,26854,2000年建成,板楼,,
善成小区,,121.63741,31.81219,7006,2011年建成,板楼,,
双喜苑,,121.68168,31.80707,6914,2004年建成,板楼,,
盛世华城,,121.18101,32.31061,5247,2012年建成,板楼,,
三元小区,,121.18589,32.31265,5698,1998年建成,板楼,,
三元世纪城,,121.18589,32.31265,5698,1998年建成,板楼,,
世纪花苑,,121.17224,32.30007,6776,2005年建成,板楼,,
顺通苑,,121.17815,32.29979,6114,,板楼,,
森华公寓,,121.17194,32.29869,6483,,板楼,,
上海新城,,120.56192,32.3992,7342,2007年建成,板楼,,
盛世缘小区,,120.4774094,32.36015701,4569,,板楼,,
市委新村,,121.0763702,32.07864761,8143,2011年建成,板楼,,
市民广场小区,,121.6382294,31.81777954,14447,1999年建成,板楼,,
舜景佳园,,120.97162,32.08339,6752,,板楼,,
十六里墩,,120.94933,31.99978,10880,,板楼,,
提香世家,,120.8771591,32.04759216,13273,2010年建成,板楼,板塔结合,
天竹星花苑,,120.46478,32.53437,7516,2009年建成,板楼,,
泰宁人家,,120.47715,32.53919,7999,2008年建成,塔楼,,
泰宁翠竹园,,120.47606,32.52848,8029,2010年建成,板楼,,
泰宁小区,,120.47477,32.53645,7749,,板楼,,
通源北村,,121.18673,31.90532,7687,,板楼,,
天工花苑,,121.66724,31.80291,15203,2006年建成,板楼,,
天一花园,,121.66245,31.80993,15732,2005年建成,板楼,,
天亿公寓,,121.12354,32.31396,6322,,板楼,,
桃园新村,,120.5986,32.29812,1639,,板楼,,
天景丽舍,,120.75946,32.10243,7160,2008年建成,板楼,,
通州世纪花苑,,121.06838,32.07935,7316,2005年建成,板楼,,
通州凤凰华庭,,120.970642,32.211109,5536,,板楼,,
天虹东方绿洲,,120.8937,32.0239,21591,2006年建成,板楼,,
通富家园,,120.87479,31.97463,19730,2017年建成,板楼,,
天地华庭,,120.87777,32.00352,26858,2003年建成,板楼,,
天虹公寓,,120.88506,32.00184,11571,2005年建成,板楼,,
U派,,120.48529,32.52898,7973,2008年建成,板楼,,
外环西路附29号,,120.8221207,32.03421783,9824,1998年建成,板楼,,
万豪国际,,120.4614,32.52331,7517,2011年建成,板楼,,
万众新世纪广场,,121.1863556,31.89506531,8603,2008年建成,板楼,,
文秀新村,,121.66121,31.81078,暂无,2001年建成,板楼,,
王彭小区,,121.18643,32.30311,5697,1996年建成,板楼,,
万华紫金花苑,,121.18706,32.34379,5769,2010年建成,板楼,,
威格秀水庭,126,120.54872,32.40649,5587,2011年建成,板楼,,
武定苑,,120.5684,32.38696,6306,2002年建成,板楼,,
威格秀水亭,,120.54872,32.40649,6043,,板楼,,
威美公寓,,121.06436,32.0731,9619,,板楼,,
五一西村,,120.8932571,31.99100685,11021,2000年建成,板楼,,
文峰大厦住宅,,120.86837,32.00296,21266,2001年建成,板塔结合,,
新城南苑,,120.94145,32.00189,暂无,,,,
星湖湾,108,120.49962,32.53552,7270,2014年建成,板塔结合,,
西楹水岸,,120.44822,32.53856,7635,2010年建成,板楼,,
新宁小区,,120.47971,32.53978,7713,2010年建成,板楼,,
新陵新村,,120.47889,32.54226,暂无,,板楼,,
协和苑,,120.47537,32.54217,8586,,板楼,,
鑫苑庄,,121.18588,31.88833,9309,,板楼,,
新海路590号,,121.15575,31.89558,8964,,板楼,,
星海湾,,121.17705,31.90468,13148,,板楼,,
星火社区,,120.9109039,32.00481033,13125,,板楼,,
欣宏清馨佳园,,120.8654099,32.01480866,25142,2006年建成,板楼,,
新光小区,,121.1809921,32.33519363,5596,2005年建成,板楼,,
香阁明霞,,121.17952,32.29919,6741,,板楼,,
西欧名邸,89,120.54473,32.39848,4369,2010年建成,板楼,,
西皋新村,,120.55567,32.38159,5773,2000年建成,板楼,,
仙鹤新村,,120.58801,32.39558,8574,2003年建成,板楼,,
新通花园,,120.9173584,31.9393959,12603,2008年建成,板楼,,
新华一村,,118.00392,34.42296,9361,2005年建成,板楼,,
新华北苑,,120.79927,32.0571,10145,2016年建成,板楼,,
星辰名都,451,120.84189,32.16571,6708,2012年建成,板楼,,
祥泰花苑,,121.06544,32.07515,7692,2000年建成,板楼,,
新佳园,,121.07893,32.08186,7215,,板楼,,
希望苑,,121.07975,32.07006,7426,,板楼,,
星河花苑,,120.8804245,31.99468422,19718,2005年建成,板楼,,
星湖101广场,,120.94334,31.92202,8556,2009年建成,板楼,,
兴旺小区,,120.9436264,31.91835785,8557,2010年建成,板楼,,
阳光城・丽景湾PLUS,,121.179428,32.356599,0,,板楼,,
阳光雅居,,120.39253,32.51318,8304,2010年建成,板楼,,
永宁小区,,120.45681,32.52881,7515,2008年建成,板楼,,
阳光嘉园,,120.47916,32.52497,7770,,板楼,,
一品嘉源,,119.33537,34.07782,10910,2006年建成,板楼,,
阳光骊景,108,121.1636129,31.8706492,12547,2014年建成,板楼,板塔结合,
一心苑,,121.19749,31.89353,8970,2008年建成,板楼,,
益兴大厦,,120.95088,31.92496,9426,2012年建成,塔楼,,
阳光花苑,,120.5618,32.38373,10279,1998年建成,板楼,,
友谊新村,,121.67814,31.80176,15199,2000年建成,板楼,,
银洲新村,,121.66242,31.81769,10865,1998年建成,板楼,,
银洲花苑,,121.67049,31.81657,10232,,板楼,,
宜欣花园,,120.40453,32.3063,3814,,板楼,,
云萃公寓,,120.98494,31.83379,7208,,板楼,,
远创樽樾,,120.8997886,32.00939397,0,,板塔结合,,
亚太大厦,,120.88484,31.99921,19713,2000年建成,板塔结合,,
中城大厦,,120.87421,32.00258,26860,2005年建成,板塔结合,,
中洋水景园,,120.45468,32.53988,7982,2008年建成,板楼,,
中南世纪雅苑,,118.91149,32.03679,8604,2010年建成,板楼,,
综艺城市之光,,120.861702,32.01313019,20995,2011年建成,板楼,,
中天公寓,,120.92977,31.93352,暂无,,板楼,,
中邦上海城,,121.64492,31.81977,6830,2012年建成,板楼,,
中成1号花园,,121.66999,31.8279,14611,2014年建成,板楼,,
紫薇苑,,121.67747,31.81463,8233,2013年建成,板楼,,
中坤苑,,121.19082,32.32728,7124,2011年建成,板楼,,
紫城小苑,,121.16907,32.3113,6446,,板楼,,
中山大厦,,120.56704,32.39025,6098,2002年建成,板楼,板塔结合,
总工会小区,,120.5674133,32.37666702,6545,1996年建成,板楼,,
志颐园,,120.54655,32.37868,5637,2006年建成,板楼,,
振华佳苑,,120.95092,31.86719,9932,,板楼,,
正和名邸,,120.73881,32.10005,7161,2010年建成,板楼,,
正和名邸,,120.73881,32.10005,7161,2010年建成,板楼,,
正和名邸,,120.73881,32.10005,7161,2010年建成,板楼,,
正和名邸,,120.73881,32.10005,7161,2010年建成,板楼,,
正和名邸,,120.73881,32.10005,7161,2010年建成,板楼,,
正和名邸,,120.73881,32.10005,7161,2010年建成,板楼,,
正和名邸,,120.73881,32.10005,7161,2010年建成,板楼,,
正和名邸,,120.73881,32.10005,7161,2010年建成,板楼,,
正和名邸,,120.73881,32.10005,7161,2010年建成,板楼,,
正和名邸,,120.73881,32.10005,7161,2010年建成,板楼,,
正和名邸,,120.73881,32.10005,7161,2010年建成,板楼,,
正和名邸,,120.73881,32.10005,7161,2010年建成,板楼,,
正和名邸,,120.73881,32.10005,7161,2010年建成,板楼,,
正和名邸,,120.73881,32.10005,7161,2010年建成,板楼,,
正和名邸,,120.73881,32.10005,7161,2010年建成,板楼,,
正和名邸,,120.73881,32.10005,7161,2010年建成,板楼,,
正和名邸,,120.73881,32.10005,7161,2010年建成,板楼,,
正和名邸,,120.73881,32.10005,7161,2010年建成,板楼,,
正和名邸,,120.73881,32.10005,7161,2010年建成,板楼,,
正和名邸,,120.73881,32.10005,7161,2010年建成,板楼,,
正和名邸,,120.73881,32.10005,7161,2010年建成,板楼,,
正和名邸,,120.73881,32.10005,7161,2010年建成,板楼,,
正和名邸,,120.73881,32.10005,7161,2010年建成,板楼,,
正和名邸,,120.73881,32.10005,7161,2010年建成,板楼,,
正和名邸,,120.73881,32.10005,7161,2010年建成,板楼,,
正和名邸,,120.73881,32.10005,7161,2010年建成,板楼,,
正和名邸,,120.73881,32.10005,7161,2010年建成,板楼,,
正和名邸,,120.73881,32.10005,7161,2010年建成,板楼,,
